FolderName,StudyName,SampleID,Lane,Processing,Type,BiopsyType,BiopsyType_II,Tissue,Treatment,10x kit,genotype0,genotype1,multiplexed,hashed,genotyped,genotype_file,analysed,N_cells,Reads per Cell,Genes per Cell,QC_single sample analysis,QC_CellRanger,
HCA_A_RepT_RNA13247830,CBTM,HCA_A_RepT_RNA13247830,0,Fresh,Cells,Organ_Donor,Ctrl_Endometrium,None,Coll.+Trypsin,3' v3.1,A70,,no,no,no,none,yes,"8,466","103,917","2,426",,,
HCA_A_RepT_RNA13247831,CBTM,HCA_A_RepT_RNA13247831,0,Fresh,Cells,Organ_Donor,Ctrl_Endometrium,None,Coll.+Trypsin,3' v3.1,A70,,no,no,no,none,yes,"7,723","109,804","2,796",,Low Fraction Reads in Cells 68% (>70%),
HCA_FR_CBTM_12920384,CBTM,A66-RPT-8-SC-1,0,Fresh,Cells,Organ_Donor,Ctrl_Endometrium,None,Coll.+Trypsin,3' v3.1,A66,,no,no,no,none,yes,,,,,,
HCA_FR_CBTM_12920385,CBTM,A66-RPT-8-SC-2,0,Fresh,Cells,Organ_Donor,,None,Coll.+Trypsin,3' v3.1,A66,,no,no,no,none,yes,,,,,,
GSM6574509,Fonseca,Sample1,0,Fresh,Cells,Lesion_Ovarian,Lesion_Ovarian,Ovary,,3',Fonseca_1,,no,no,no,none,no,,,,,,
GSM6574510,Fonseca,Sample5,0,Fresh,Cells,Lesion_Peritoneal,Lesion_Peritoneal,Peritoneum,,3',Fonseca_4,,no,no,no,none,no,,,,,,
GSM6574511,Fonseca,Sample7,0,Fresh,Cells,Lesion_Peritoneal,Lesion_Peritoneal,Peritoneum,,3',Fonseca_5,,no,no,no,none,no,,,,,,
GSM6574512,Fonseca,Sample8,0,Fresh,Cells,Superficial,Other_Endometrium,EN,,3',Fonseca_6,,no,no,no,none,no,,,,,,
GSM6574513,Fonseca,Sample9,0,Fresh,Cells,Superficial,Ctrl_Ovary,Ovary,,3',Fonseca_6,,no,no,no,none,no,,,,,,
GSM6574514,Fonseca,Sample10,0,Fresh,Cells,Lesion_Peritoneal,Lesion_Peritoneal,Peritoneum,,3',Fonseca_7,,no,no,no,none,no,,,,,,
GSM6574515,Fonseca,Sample11,0,Fresh,Cells,Lesion_Peritoneal,Deepinfiltrating,Peritoneum,,3',Fonseca_7,,no,no,no,none,no,,,,,,
GSM6574516,Fonseca,Sample12,0,Fresh,Cells,Lesion_Ovarian,Lesion_Ovarian,Ovary,,3',Fonseca_7,,no,no,no,none,no,,,,,,
GSM6574517,Fonseca,Sample13,0,Fresh,Cells,Lesion_Peritoneal,Deepinfiltrating,Peritoneum,,3',Fonseca_7,,no,no,no,none,no,,,,,,
GSM6574518,Fonseca,Sample14,0,Fresh,Cells,Ctrl_peritoneum,Ctrl_Peritoneum,Peritoneum,,3',Fonseca_8,,no,no,no,none,no,,,,,,
GSM6574519,Fonseca,Sample15,0,Fresh,Cells,Lesion_Ovarian,Lesion_Ovarian,Ovary,,3',Fonseca_8,,no,no,no,none,no,,,,,,
GSM6574520,Fonseca,Sample16,0,Fresh,Cells,Lesion_Peritoneal,Deepinfiltrating,Peritoneum,,3',Fonseca_8,,no,no,no,none,no,,,,,,
GSM6574521,Fonseca,Sample17,0,Fresh,Cells,Superficial,Ctrl_Colon,Colon,,3',Fonseca_8,,no,no,no,none,no,,,,,,
GSM6574522,Fonseca,Sample18,0,Fresh,Cells,Lesion_Peritoneal,Lesion_Peritoneal,Peritoneum,,3',Fonseca_9,,no,no,no,none,no,,,,,,
GSM6574523,Fonseca,Sample19,0,Fresh,Cells,Lesion_Peritoneal,Lesion_Peritoneal,Peritoneum,,3',Fonseca_9,,no,no,no,none,no,,,,,,
GSM6574524,Fonseca,Sample20,0,Fresh,Cells,Lesion_Peritoneal,Deepinfiltrating,Peritoneum,,3',Fonseca_9,,no,no,no,none,no,,,,,,
GSM6574525,Fonseca,Sample21,0,Fresh,Cells,Lesion_Ovarian,Lesion_Ovarian,Ovary,,3',Fonseca_9,,no,no,no,none,no,,,,,,
GSM6574526,Fonseca,Sample22,0,Fresh,Cells,Lesion_Peritoneal,Lesion_Peritoneal,Peritoneum,,3',Fonseca_9,,no,no,no,none,no,,,,,,
GSM6574528,Fonseca,Sample24,0,Frozen,Cells,Superficial,Endometriosis_Endometrium,EN,,3',Fonseca_10,,no,no,no,none,no,,,,,,
GSM6574529,Fonseca,Sample25,0,Frozen,Cells,Superficial,Ctrl_Peritoneum,Peritoneum,,3',Fonseca_10,,no,no,no,none,no,,,,,,
GSM6574530,Fonseca,Sample26,0,Frozen,Cells,Lesion_Peritoneal,Deepinfiltrating,Peritoneum,,3',Fonseca_10,,no,no,no,none,no,,,,,,
GSM6574531,Fonseca,Sample27,0,Frozen,Cells,Ctrl_Bladder,Bladder,Bladder,,3',Fonseca_10,,no,no,no,none,no,,,,,,
GSM6574532,Fonseca,Sample28,0,Frozen,Cells,Lesion_Peritoneal,Deepinfiltrating,Peritoneum,,3',Fonseca_11,,no,no,no,none,no,,,,,,
GSM6574533,Fonseca,Sample29,0,Frozen,Cells,Lesion_Ovarian,Lesion_Ovarian,Ovary,,3',Fonseca_11,,no,no,no,none,no,,,,,,
GSM6574534,Fonseca,Sample30,0,Frozen,Cells,Superficial,Endometriosis_Endometrium,EN,,3',Fonseca_11,,no,no,no,none,no,,,,,,
GSM6574535,Fonseca,Sample31,0,Frozen,Cells,Superficial,Other_Endometrium,EN,,3',Fonseca_12,,no,no,no,none,no,,,,,,
GSM6574536,Fonseca,Sample32,0,Frozen,Cells,Superficial,Endometriosis_Endometrium,EN,,3',Fonseca_13,,no,no,no,none,no,,,,,,
GSM6574537,Fonseca,Sample33,0,Frozen,Cells,Lesion_Peritoneal,Lesion_Peritoneal,Peritoneum,,3',Fonseca_14,,no,no,no,none,no,,,,,,
GSM6574538,Fonseca,Sample34,0,Frozen,Cells,Superficial,Ctrl_Ovary,Ovary,,3',Fonseca_14,,no,no,no,none,no,,,,,,
GSM6574539,Fonseca,Sample35,0,Frozen,Cells,Superficial,Endometriosis_Endometrium,EN,,3',Fonseca_14,,no,no,no,none,no,,,,,,
GSM6574540,Fonseca,Sample36,0,Frozen,Cells,Superficial,Ctrl_Ovary,Ovary,,3',Fonseca_15,,no,no,no,none,no,,,,,,
GSM6574541,Fonseca,Sample37,0,Frozen,Cells,Lesion_Peritoneal,Lesion_Peritoneal,Peritoneum,,3',Fonseca_16,,no,no,no,none,no,,,,,,
GSM6574542,Fonseca,Sample38,0,Frozen,Cells,Superficial,Endometriosis_Endometrium,EN,,3',Fonseca_16,,no,no,no,none,no,,,,,,
GSM6574543,Fonseca,Sample39,0,Frozen,Cells,Superficial,Endometriosis_Endometrium,EN,,3',Fonseca_17,,no,no,no,none,no,,,,,,
GSM6574544,Fonseca,Sample40,0,Frozen,Cells,Superficial,Endometriosis_Endometrium,EN,,3',Fonseca_18,,no,no,no,none,no,,,,,,
GSM6574545,Fonseca,Sample41,0,Frozen,Cells,Superficial,Ctrl_Ovary,Ovary,,3',Fonseca_18,,no,no,no,none,no,,,,,,
GSM6574546,Fonseca,Sample42,0,Frozen,Cells,Lesion_Ovarian,Lesion_Ovarian,Ovary,,3',Fonseca_19,,no,no,no,none,no,,,,,,
GSM6574547,Fonseca,Sample43,0,Frozen,Cells,Lesion_Ovarian,Deepinfiltrating,Peritoneum,,3',Fonseca_19,,no,no,no,none,no,,,,,,
GSM6574548,Fonseca,Sample44,0,Frozen,Cells,Lesion_Peritoneal,Deepinfiltrating,Peritoneum,,3',Fonseca_20,,no,no,no,none,no,,,,,,
GSM6574549,Fonseca,Sample45,0,Frozen,Cells,Lesion_rectum,Lesion_rectum,Peritoneum,,3',Fonseca_21,,no,no,no,none,no,,,,,,
GSM6574550,Fonseca,Sample46,0,Frozen,Cells,Lesion_Ovarian,Deepinfiltrating,Peritoneum,,3',Fonseca_21,,no,no,no,none,no,,,,,,
GSM6574551,Fonseca,Sample47,0,Frozen,Cells,Lesion_Peritoneal,Deepinfiltrating,Peritoneum,,3',Fonseca_21,,no,no,no,none,no,,,,,,
GSM6574552,Fonseca,Sample48,0,Frozen,Cells,Lesion_Peritoneal,Lesion_Peritoneal,Peritoneum,,3',Fonseca_21,,no,no,no,none,no,,,,,,
GSM6574553,Fonseca,Sample49,0,Frozen,Cells,Lesion_Peritoneal,Lesion_Peritoneal,,,3',Fonseca_21,,no,no,no,none,no,,,,,,
GSM6634272,Fonseca,Sample2,0,Fresh,Cells,Lesion_Ovarian,Lesion_Ovarian,Ovary,,3',Fonseca_2,,no,no,no,none,no,,,,,,
GSM6634273,Fonseca,Sample3,0,Fresh,Cells,Lesion_Ovarian,Lesion_Ovarian,Ovary,,3',Fonseca_2,,no,no,no,none,no,,,,,,
4861STDY7387181,Garcia_Alonso,4861STDY7387181,100,Fresh,Cells,Organ_Donor,,EN_enrich,Coll.+Trypsin,3' v3.0,A13,,no,no,no,none,yes,,,,,,
4861STDY7387182,Garcia_Alonso,4861STDY7387182,100,Fresh,Cells,Organ_Donor,,EN_enrich,Coll.+Trypsin,3' v3.0,A13,,no,no,no,none,yes,,,,,,
4861STDY7387183,Garcia_Alonso,4861STDY7387183,100,Fresh,Cells,Organ_Donor,,Myometrium,Coll.+Trypsin,3' v3.0,A13,,no,no,no,none,yes,,,,,,
4861STDY7387184,Garcia_Alonso,4861STDY7387184,100,Fresh,Cells,Organ_Donor,,EN,Coll.+Trypsin,3' v3.0,A14,,no,no,no,none,no,,,,,,
4861STDY7387185,Garcia_Alonso,4861STDY7387185,100,Fresh,Cells,Organ_Donor,,EN,Coll.+Trypsin,3' v3.0,A14,,no,no,no,none,no,,,,,,
4861STDY7387186,Garcia_Alonso,4861STDY7387186,100,Fresh,Cells,Organ_Donor,,Myometrium,Coll.+Trypsin,3' v3.0,A14,,no,no,no,none,no,,,,,,
4861STDY7462245,Garcia_Alonso,4861STDY7462245,100,Fresh,Cells,Organ_Donor,,EN_enrich,Collagenase,3' v2.0,A16,,no,no,no,none,no,,,,,,
4861STDY7462246,Garcia_Alonso,4861STDY7462246,100,Fresh,Cells,Organ_Donor,,EN_enrich,Collagenase,3' v2.0,A16,,no,no,no,none,no,,,,,,
4861STDY7462247,Garcia_Alonso,4861STDY7462247,100,Fresh,Cells,Organ_Donor,,EN_enrich,Collagenase,3' v2.0,A16,,no,no,no,none,no,,,,,,
4861STDY7462248,Garcia_Alonso,4861STDY7462248,100,Fresh,Cells,Organ_Donor,,Myometrium,Collagenase,3' v2.0,A16,,no,no,no,none,no,,,,,,
4861STDY7509538,Garcia_Alonso,4861STDY7509538,100,Fresh,Cells,Organ_Donor,,EN,Coll.+Trypsin,3' v3.0,A17,,no,no,no,none,no,,,,,,
4861STDY7509539,Garcia_Alonso,4861STDY7509539,100,Fresh,Cells,Organ_Donor,,EN,Coll.+Trypsin,3' v3.0,A17,,no,no,no,none,no,,,,,,
4861STDY7509540,Garcia_Alonso,4861STDY7509540,100,Fresh,Cells,Organ_Donor,,ENMYO,Coll.+Trypsin,3' v3.0,A17,,no,no,no,none,no,,,,,,
4861STDY7509541,Garcia_Alonso,4861STDY7509541,100,Fresh,Cells,Organ_Donor,,Myometrium,Coll.+Trypsin,3' v3.0,A17,,no,no,no,none,no,,,,,,
4861STDY7619057,Garcia_Alonso,4861STDY7619057,100,Fresh,Cells,Organ_Donor,,ENFLP,Coll.+Trypsin,3' v3.0,A22,,no,no,no,none,no,,,,,,
4861STDY7619058,Garcia_Alonso,4861STDY7619058,100,Fresh,Cells,Organ_Donor,,ENmid,Coll.+Trypsin,3' v3.0,A22,,no,no,no,none,no,,,,,,
4861STDY7619059,Garcia_Alonso,4861STDY7619059,100,Fresh,Cells,Organ_Donor,,ENCervix,Coll.+Trypsin,3' v3.0,A22,,no,no,no,none,no,,,,,,
4861STDY7619063,Garcia_Alonso,4861STDY7619063,100,Fresh,Cells,Organ_Donor,,ENFLP,Coll.+Trypsin,3' v3.0,A22,,no,no,no,none,no,,,,,,
4861STDY7771114,Garcia_Alonso,4861STDY7771114,100,Fresh,Cells,Organ_Donor,,ENCervix,Coll.+Trypsin,3' v3.0,A30,,no,no,no,none,no,,,,,,
4861STDY7771115,Garcia_Alonso,4861STDY7771115,100,Fresh,Cells,Organ_Donor,,EN_enrich,Coll.+Trypsin,3' v3.0,A30,,no,no,no,none,yes,,,,,,
4861STDY7771116,Garcia_Alonso,4861STDY7771116,100,Fresh,Cells,Organ_Donor,,ENFLP,Coll.+Trypsin,3' v3.0,A30,,no,no,no,none,no,,,,,,
4861STDY7771122,Garcia_Alonso,4861STDY7771122,100,Fresh,Cells,Organ_Donor,,ENCervix,Coll.+Trypsin,3' v3.0,A30,,no,no,no,none,no,,,,,,
4861STDY7771123,Garcia_Alonso,4861STDY7771123,100,Fresh,Cells,Organ_Donor,,EN_enrich,Coll.+Trypsin,3' v3.0,A30,,no,no,no,none,yes,,,,,,
MRC_Endo8625698,Garcia_Alonso,MRC_Endo8625698,100,Fresh,Cells,Superficial,,None,Collagenase,3' v3.0,E1,,no,no,no,none,yes,,,,,,
MRC_Endo8625699,Garcia_Alonso,MRC_Endo8625699,100,Fresh,Cells,Superficial,,None,Trypsin,3' v3.0,E1,,no,no,no,none,yes,,,,,,
MRC_Endo8712024,Garcia_Alonso,MRC_Endo8712024,100,Fresh,Cells,Superficial,,None,Collagenase,3' v3.0,E2,,no,no,no,none,yes,,,,,,
MRC_Endo8712032,Garcia_Alonso,MRC_Endo8712032,100,Fresh,Cells,Superficial,,None,Trypsin,3' v3.0,E2,,no,no,no,none,yes,,,,,,
MRC_Endo8715415,Garcia_Alonso,MRC_Endo8715415,100,Fresh,Cells,Superficial,,None,Collagenase,3' v3.0,E3,,no,no,no,none,yes,,,,,,
MRC_Endo8715416,Garcia_Alonso,MRC_Endo8715416,100,Fresh,Cells,Superficial,,None,Trypsin,3' v3.0,E3,,no,no,no,none,yes,,,,,,
UA_HUTER_sc10298018,Incliva,DONNOR-04-AST,39710,Fresh,Cells,Organ_Donor,,Anterior_uterus,Collagenase,3' v3.1,INC04,,no,no,no,none,no,,,,,,
UA_HUTER_sc10298019,Incliva,DONNOR-04-PST,39710,Fresh,Cells,Organ_Donor,,Posterior_uterus,Collagenase,3' v3.1,INC04,,no,no,no,none,no,,,,,,
UA_HUTER_sc10298020,Incliva,DONNOR-07-AEP,39710,Fresh,Cells,Organ_Donor,,Anterior_uterus,Trypsin,3' v3.1,INC07,,no,no,no,none,no,,,,,,
UA_HUTER_sc10298021,Incliva,DONNOR-07-AST,39710,Fresh,Cells,Organ_Donor,,Anterior_uterus,Collagenase,3' v3.1,INC07,,no,no,no,none,no,,,,,,
UA_HUTER_sc10298022,Incliva,DONNOR-07-PEP,39710,Fresh,Cells,Organ_Donor,,Posterior_uterus,Trypsin,3' v3.1,INC07,,no,no,no,none,no,,,,,,
UA_HUTER_sc10298023,Incliva,DONNOR-07-PST,39710,Fresh,Cells,Organ_Donor,,Posterior_uterus,Collagenase,3' v3.1,INC07,,no,no,no,none,no,,,,,,
UA_HUTER_sc10298024,Incliva,DONNOR-08-AEP,39710,Fresh,Cells,Organ_Donor,,Anterior_uterus,Trypsin,3' v3.1,INC08,,no,no,no,none,no,,,,,,
UA_HUTER_sc10298025,Incliva,DONNOR-08-AST,39710,Fresh,Cells,Organ_Donor,,Anterior_uterus,Collagenase,3' v3.1,INC08,,no,no,no,none,no,,,,,,
UA_HUTER_sc10298026,Incliva,DONNOR-08-PST,39710,Fresh,Cells,Organ_Donor,,Posterior_uterus,Collagenase,3' v3.1,INC08,,no,no,no,none,no,,,,,,
UA_HUTER_sc10298027,Incliva,DONNOR-14-AEP,39710,Fresh,Cells,Organ_Donor,,Anterior_uterus,Trypsin,3' v3.1,INC14,,no,no,no,none,no,,,,,,
UA_HUTER_sc10298028,Incliva,DONNOR-14-AST,39710,Fresh,Cells,Organ_Donor,,Anterior_uterus,Collagenase,3' v3.1,INC14,,no,no,no,none,no,,,,,,
UA_HUTER_sc10298029,Incliva,DONNOR-14-PEP,39710,Fresh,Cells,Organ_Donor,,Posterior_uterus,Trypsin,3' v3.1,INC14,,no,no,no,none,no,,,,,,
UA_HUTER_sc10298030,Incliva,DONNOR-14-PST,39710,Fresh,Cells,Organ_Donor,,Posterior_uterus,Collagenase,3' v3.1,INC14,,no,no,no,none,no,,,,,,
UA_HUTER_sc10638776,Incliva,DONNOR-34-AEP,40057,Fresh,Cells,Organ_Donor,,Anterior_uterus,Trypsin,3' v3.1,INC34,,no,no,no,none,no,,,,,,
UA_HUTER_sc10638777,Incliva,DONNOR-34-PEP,40057,Fresh,Cells,Organ_Donor,,Posterior_uterus,Trypsin,3' v3.1,INC34,,no,no,no,none,no,,,,,,
UA_HUTER_sc10638778,Incliva,DONNOR-34-PST,40057,Fresh,Cells,Organ_Donor,,Posterior_uterus,Collagenase,3' v3.1,INC34,,no,no,no,none,no,,,,,,
UA_HUTER_sc10638779,Incliva,DONNOR-35-PEP,40057,Fresh,Cells,Organ_Donor,,Posterior_uterus,Trypsin,3' v3.1,INC35,,no,no,no,none,no,,,,,,
UA_HUTER_sc10638780,Incliva,DONNOR-35-PST,40057,Fresh,Cells,Organ_Donor,,Posterior_uterus,Collagenase,3' v3.1,INC35,,no,no,no,none,no,,,,,,
UA_HUTER_sc11485585,Incliva,DONNOR-45-AEP,42668,Fresh,Cells,Organ_Donor,,Anterior_uterus,Trypsin,3' v3.1,INC45,,no,no,no,none,no,,,,,,
UA_HUTER_sc11485586,Incliva,DONNOR-45-AST,42668,Fresh,Cells,Organ_Donor,,Anterior_uterus,Collagenase,3' v3.1,INC45,,no,no,no,none,no,,,,,,
UA_HUTER_sc11485587,Incliva,DONNOR-45-PEP,42668,Fresh,Cells,Organ_Donor,,Posterior_uterus,Trypsin,3' v3.1,INC45,,no,no,no,none,no,,,,,,
UA_HUTER_sc11485588,Incliva,DONNOR-45-PST,42668,Fresh,Cells,Organ_Donor,,Posterior_uterus,Collagenase,3' v3.1,INC45,,no,no,no,none,no,,,,,,
UA_HUTER_sc11485589,Incliva,DONNOR-47-AEP,42668,Fresh,Cells,Organ_Donor,,Anterior_uterus,Trypsin,3' v3.1,INC47,,no,no,no,none,no,,,,,,
UA_HUTER_sc11485590,Incliva,DONNOR-47-AST,42668,Fresh,Cells,Organ_Donor,,Anterior_uterus,Collagenase,3' v3.1,INC47,,no,no,no,none,no,,,,,,
UA_HUTER_sc11485591,Incliva,DONNOR-47-PEP,42668,Fresh,Cells,Organ_Donor,,Posterior_uterus,Trypsin,3' v3.1,INC47,,no,no,no,none,no,,,,,,
UA_HUTER_sc11485592,Incliva,DONNOR-48-AEP,42668,Fresh,Cells,Organ_Donor,,Anterior_uterus,Trypsin,3' v3.1,INC48,,no,no,no,none,no,,,,,,
UA_HUTER_sc11485593,Incliva,DONNOR-48-AST,42668,Fresh,Cells,Organ_Donor,,Anterior_uterus,Collagenase,3' v3.1,INC48,,no,no,no,none,no,,,,,,
UA_HUTER_sc11485594,Incliva,DONNOR-48-PEP,42668,Fresh,Cells,Organ_Donor,,Posterior_uterus,Trypsin,3' v3.1,INC48,,no,no,no,none,no,,,,,,
UA_HUTER_sc12156353,Incliva,DONNOR-51-AEP,43642,Fresh,Cells,Organ_Donor,,Anterior_uterus,Trypsin,3' v3.1,INC51,,no,no,no,none,no,,,,,,
UA_HUTER_sc12156354,Incliva,DONNOR-51-PST,43642,Fresh,Cells,Organ_Donor,,Posterior_uterus,Collagenase,3' v3.1,INC51,,no,no,no,none,no,,,,,,
UA_HUTER_sc12156355,Incliva,DONNOR-52-A,43642,Fresh,Cells,Organ_Donor,,Anterior_uterus,Coll.+Trypsin,3' v3.1,INC52,,no,no,no,none,no,,,,,,
UA_HUTER_sc12156356,Incliva,DONNOR-52-P,43642,Fresh,Cells,Organ_Donor,,Posterior_uterus,Coll.+Trypsin,3' v3.1,INC52,,no,no,no,none,no,,,,,,
UA_HUTER_sc12156357,Incliva,DONNOR-53-A,43642,Fresh,Cells,Organ_Donor,,Anterior_uterus,Coll.+Trypsin,3' v3.1,INC53,,no,no,no,none,no,,,,,,
UA_HUTER_sc12156358,Incliva,DONNOR-53-P,43642,Fresh,Cells,Organ_Donor,,Posterior_uterus,Coll.+Trypsin,3' v3.1,INC53,,no,no,no,none,no,,,,,,
UA_HUTER_sc12156359,Incliva,DONNOR-54-A,43642,Fresh,Cells,Organ_Donor,,Anterior_uterus,Coll.+Trypsin,3' v3.1,INC54,,no,no,no,none,no,,,,,,
UA_HUTER_sc12156360,Incliva,DONNOR-54-P,43642,Fresh,Cells,Organ_Donor,,Posterior_uterus,Coll.+Trypsin,3' v3.1,INC54,,no,no,no,none,no,,,,,,
UA_HUTER_sc12156361,Incliva,DONNOR-55-A,43642,Fresh,Cells,Organ_Donor,,Anterior_uterus,Coll.+Trypsin,3' v3.1,INC55,,no,no,no,none,no,,,,,,
UA_HUTER_sc12156362,Incliva,DONNOR-55-P,43642,Fresh,Cells,Organ_Donor,,Posterior_uterus,Coll.+Trypsin,3' v3.1,INC55,,no,no,no,none,no,,,,,,
UA_HUTER_sc12156363,Incliva,DONNOR-56-A,43642,Fresh,Cells,Organ_Donor,,Anterior_uterus,Coll.+Trypsin,3' v3.1,INC56,,no,no,no,none,no,,,,,,
UA_HUTER_sc12156364,Incliva,DONNOR-56-P,43642,Fresh,Cells,Organ_Donor,,Posterior_uterus,Coll.+Trypsin,3' v3.1,INC56,,no,no,no,none,no,,,,,,
UA_HUTER_sc12156365,Incliva,DONNOR-57-A,43642,Fresh,Cells,Organ_Donor,,Anterior_uterus,Coll.+Trypsin,3' v3.1,INC57,,no,no,no,none,no,,,,,,
UA_HUTER_sc12156366,Incliva,DONNOR-57-P,43642,Fresh,Cells,Organ_Donor,,Posterior_uterus,Coll.+Trypsin,3' v3.1,INC57,,no,no,no,none,no,,,,,,
UA_HUTER_sc12826611,Incliva,DONNOR-66-Z1,44884,Fresh,Cells,Organ_Donoe,,Zslice1,Coll.+Trypsin,3' v3.1,INC66,,no,no,no,none,no,,,,,,
UA_HUTER_sc12826612,Incliva,DONNOR-66-Z2,44884,Fresh,Cells,Organ_Donor,,Zscice2,Coll.+Trypsin,3' v3.1,INC66,,no,no,no,none,no,,,,,,
UA_HUTER_sc12826613,Incliva,DONNOR-71-A,44884,Fresh,Cells,Organ_Donor,,Anterior_uterus,Coll.+Trypsin,3' v3.1,INC71,,no,no,no,none,no,,,,,,
UA_HUTER_sc12826614,Incliva,DONNOR-71-P,44884,Fresh,Cells,Organ_Donor,,Posterior_uterus,Coll.+Trypsin,3' v3.1,INC71,,no,no,no,none,no,,,,,,
UA_HUTER_sc12826615,Incliva,DONNOR-72-A,44884,Fresh,Cells,Organ_Donor,,Anterior_uterus,Coll.+Trypsin,3' v3.1,INC72,,no,no,no,none,no,,,,,,
UA_HUTER_sc12826616,Incliva,DONNOR-72-P,44884,Fresh,Cells,Organ_Donor,,Posterior_uterus,Coll.+Trypsin,3' v3.1,INC72,,no,no,no,none,no,,,,,,
GSM5572238,Lai,GSM5572238_Ctrl-1,0,Fresh,Cells,Superficial,Control_Endometrium,EN,Unknown,,GSM5572238,,no,no,no,none,no,,,,,,
GSM5572239,Lai,GSM5572239_Ctrl-2,0,Fresh,Cells,Superficial,Control_Endometrium,EN,Unknown,,GSM5572239,,no,no,no,none,no,,,,,,
GSM5572240,Lai,GSM5572240_Ctrl-3,0,Fresh,Cells,Superficial,Control_Endometrium,EN,Unknown,,GSM5572240,,no,no,no,none,no,,,,,,
GSM5572241,Lai,GSM5572241_RIF-1,0,Fresh,Cells,Superficial,RIF_Endometrium,EN,Unknown,,GSM5572241,,no,no,no,none,no,,,,,,
GSM5572242,Lai,GSM5572242_RIF-2,0,Fresh,Cells,Superficial,RIF_Endometrium,EN,Unknown,,GSM5572242,,no,no,no,none,no,,,,,,
GSM5572243,Lai,GSM5572243_RIF-3,0,Fresh,Cells,Superficial,RIF_Endometrium,EN,Unknown,,GSM5572243,,no,no,no,none,no,,,,,,
GSM5572244,Lai,GSM5572244_RIF-4,0,Fresh,Cells,Superficial,RIF_Endometrium,EN,Unknown,,GSM5572244,,no,no,no,none,no,,,,,,
GSM5572245,Lai,GSM5572245_RIF-5,0,Fresh,Cells,Superficial,RIF_Endometrium,EN,Unknown,,GSM5572245,,no,no,no,none,no,,,,,,
GSM5572246,Lai,GSM5572246_RIF-6,0,Fresh,Cells,Superficial,RIF_Endometrium,EN,Unknown,,GSM5572246,,no,no,no,none,no,,,,,,
UA_Endo13646709,Marecckovaa,BF6-END-0-SC-1,0,Frozen,Cells,Superficial,,EN,Collagenase,3' v3.1,SE06,,no,no,no,none,yes,,,,,,
UA_Endo9426399,Marecckovaa,Endometriosis1_FT,15,Frozen,Cells,Superficial,,EN,Collagenase,3' v3.1,FX1146,,no,no,FX1146,none,yes,"17,064","43,391","3,323",good,good,
UA_Endo9426400,Marecckovaa,Endometriosis1_GF,15,Frozen,Cells,Superficial,,EN,Trypsin,3' v3.1,FX1146,,no,no,FX1146,none,yes,"11,071","57,987","3,277",stress,good,
FRZFRESH_GX25,Marecckovaa,endometriosis0_FT_FR,14,Fresh,Cells,Superficial,,EN,Collagenase,3' v3.1,ES345,,no,no,no,none,yes,"6,425","24,482","1,512",,good,
FRZFRESH_GX26,Marecckovaa,endometriosis0_GF_FR,14,Fresh,Cells,Superficial,,EN,Trypsin,3' v3.1,ES345,,no,no,no,none,yes,"5,403","32,082","3,309",,good,
FRZFRESH_GX27,Marecckovaa,endometriosis0_FT_FZ,14,Frozen,Cells,Superficial,,EN,Collagenase,3' v3.1,ES345,,no,no,no,none,yes,"6,335","30,840","2,679",,good,
FRZFRESH_GX28,Marecckovaa,endometriosis0_GF_FZ,14,Frozen,Cells,Superficial,,EN,Trypsin,3' v3.1,ES345,,no,no,no,none,yes,"4,577","35,786","3,332",,good,
UA_Endo10768581,Marecckovaa,Endometriosis3_WALL,100,Frozen,Cells,Lesion_Peritoneal,Ectopic_Peritoneal,None,Coll.+Trypsin,3' v3.1,FX1253,,no,no,no,none,no,267,2270159,582,bad. no cell pass QC,bad,
UA_Endo10768582,Marecckovaa,Endometriosis3_LESION,100,Frozen,Cells,Lesion_Ovarian,Ectopic_Ovary,Ovary,Coll.+Trypsin,3' v3.1,FX1253,,no,no,no,none,yes,"2,322",327607,648,,"good, but low num genes",
UA_Endo12680032,Marecckovaa,Endometriosis6_GF,44568,Frozen,Cells,Superficial,,EN,Trypsin,3' v3.1,FX1259,,no,no,no,none,yes,"3,556","221,082","7,072",,good,
SAMN16356844,Other,SAMN16356845,11,Fresh,Cells,Wall,,EN,NA,3',AM_NEG,,no,no,no,none,no,,,,,,
SAMN16356845,Other,SAMN16356845,11,Fresh,Cells,Wall,,EN,NA,3',AM_POS,,no,no,no,none,no,,,,,,
SAMN16356846,Other,SAMN16356846,11,Fresh,Cells,Lesion,,Lesion,NA,3',AM_POS,,no,no,no,none,no,,,,,,
C01_Ctrl,Tan,GSM6102532_C01_Ctrl,2,Fresh,Cells,Superficial,Control_Endometrium,EN,ColdDig_LiveSort,3' v3,C01,,no,no,no,none,yes,,,,,,
C02_Ctrl,Tan,GSM6102533_C02_Ctrl,2,Fresh,Cells,Superficial,Control_Endometrium,EN,ColdDig_LiveSort,3' v3,C02,,no,no,no,none,yes,,,,,,
C03_Ctrl,Tan,GSM6102534_C03_Ctrl,2,Fresh,Cells,Superficial,Control_Endometrium,EN,ColdDig_LiveSort,3' v3,C03,,no,no,no,none,yes,,,,,,
E01_EcP,Tan,GSM6102536_E01_EcP,2,Fresh,Cells,Lesion_Peritoneal,Ectopic_Peritoneal,Peritoneum,ColdDig_LiveSort,3' v3,E01,,no,no,no,none,yes,,,,,,
E01_EcPA,Tan,GSM6102535_E01_EcPA,2,Fresh,Cells,PeritoneumAdjacent,Peritoneum_Ectopic_Adjacent,Peritoneum,ColdDig_LiveSort,3' v3,E01,,no,no,no,none,yes,,,,,,
E01_EuE,Tan,GSM6102537_E01_EuE,2,Fresh,Cells,Superficial,Endometriosis_Endometrium,EN,ColdDig_LiveSort,3' v3,E01,,no,no,no,none,yes,,,,,,
E02_EcP,Tan,GSM6102539_E02_EcP,2,Fresh,Cells,Lesion_Peritoneal,Ectopic_Peritoneal,Peritoneum,ColdDig_LiveSort,3' v3,E02,,no,no,no,none,yes,,,,,,
E02_EcPA,Tan,GSM6102538_E02_EcPA,2,Fresh,Cells,PeritoneumAdjacent,Peritoneum_Ectopic_Adjacent,Peritoneum,ColdDig_LiveSort,3' v3,E02,,no,no,no,none,yes,,,,,,
E02_EuE,Tan,GSM6102540_E02_EuE,2,Fresh,Cells,Superficial,Endometriosis_Endometrium,EN,ColdDig_LiveSort,3' v3,E02,,no,no,no,none,yes,,,,,,
E03_EcP,Tan,GSM6102542_E03_EcP,2,Fresh,Cells,Lesion_Peritoneal,Ectopic_Peritoneal,Peritoneum,ColdDig_LiveSort,3' v3,E03,,no,no,no,none,yes,,,,,,
E03_EcPA,Tan,GSM6102541_E03_EcPA,2,Fresh,Cells,PeritoneumAdjacent,Peritoneum_Ectopic_Adjacent,Peritoneum,ColdDig_LiveSort,3' v3,E03,,no,no,no,none,yes,,,,,,
E03_EuE,Tan,GSM6102543_E03_EuE,2,Fresh,Cells,Superficial,Endometriosis_Endometrium,EN,ColdDig_LiveSort,3' v3,E03,,no,no,no,none,yes,,,,,,
E04_EcP,Tan,GSM6102545_E04_EcP,2,Fresh,Cells,Lesion_Peritoneal,Ectopic_Peritoneal,Peritoneum,ColdDig_LiveSort,3' v3,E04,,no,no,no,none,yes,,,,,,
E04_EcPA,Tan,GSM6102544_E04_EcPA,2,Fresh,Cells,PeritoneumAdjacent,Peritoneum_Ectopic_Adjacent,Peritoneum,ColdDig_LiveSort,3' v3,E04,,no,no,no,none,yes,,,,,,
E04_EuE,Tan,GSM6102546_E04_EuE,2,Fresh,Cells,Superficial,Endometriosis_Endometrium,EN,ColdDig_LiveSort,3' v3,E04,,no,no,no,none,yes,,,,,,
E05_EcP,Tan,GSM6102548_E05_EcP,2,Fresh,Cells,Lesion_Peritoneal,Ectopic_Peritoneal,Peritoneum,ColdDig_LiveSort,3' v3,E05,,no,no,no,none,yes,,,,,,
E05_EcPA,Tan,GSM6102547_E05_EcPA,2,Fresh,Cells,PeritoneumAdjacent,Peritoneum_Ectopic_Adjacent,Peritoneum,ColdDig_LiveSort,3' v3,E05,,no,no,no,none,yes,,,,,,
E05_EuE,Tan,GSM6102549_E05_EuE,2,Fresh,Cells,Superficial,Endometriosis_Endometrium,EN,ColdDig_LiveSort,3' v3,E05,,no,no,no,none,yes,,,,,,
E06_EcP,Tan,GSM6102550_E06_EcP,2,Fresh,Cells,Lesion_Peritoneal,Ectopic_Peritoneal,Peritoneum,ColdDig_LiveSort,3' v3,E06,,no,no,no,none,yes,,,,,,
E06_EuE,Tan,GSM6102551_E06_EuE,2,Fresh,Cells,Superficial,Endometriosis_Endometrium,EN,ColdDig_LiveSort,3' v3,E06,,no,no,no,none,yes,,,,,,
E07_EcO,Tan,GSM6102552_E07_EcO,2,Fresh,Cells,Lesion_Ovarian,Ectopic_Ovary,Ovary,ColdDig_LiveSort,3' v3,E07,,no,no,no,none,yes,,,,,,
E07_EcP,Tan,GSM6102553_E07_EcP,2,Fresh,Cells,Lesion_Peritoneal,Ectopic_Peritoneal,Peritoneum,ColdDig_LiveSort,3' v3,E07,,no,no,no,none,yes,,,,,,
E07_EuE,Tan,GSM6102554_E07_EuE,2,Fresh,Cells,Superficial,Endometriosis_Endometrium,EN,ColdDig_LiveSort,3' v3,E07,,no,no,no,none,yes,,,,,,
E08_EuE,Tan,GSM6102555_E08_EuE,2,Fresh,Cells,Superficial,Endometriosis_Endometrium,EN,ColdDig_LiveSort,3' v3,E08,,no,no,no,none,yes,,,,,,
E09_EcO,Tan,GSM6102556_E09_EcO,2,Fresh,Cells,Lesion_Ovarian,Ectopic Ovary,Ovary,ColdDig_LiveSort,3' v3,E09,,no,no,no,none,yes,,,,,,
E09_EcP,Tan,GSM6102559_E09_EcP,2,Fresh,Cells,Lesion_Peritoneal,Ectopic_Peritoneal,Peritoneum,ColdDig_LiveSort,3' v3,E09,,no,no,no,none,yes,,,,,,
E09_EcPA,Tan,GSM6102558_E09_EcPA,2,Fresh,Cells,PeritoneumAdjacent,Peritoneum_Ectopic_Adjacent1,Peritoneum,ColdDig_LiveSort,3' v3,E09,,no,no,no,none,yes,,,,,,
E09_EcPA2,Tan,GSM6102557_E09_EcPA2,2,Fresh,Cells,PeritoneumAdjacent,Peritoneum_Ectopic_Adjacent2,Peritoneum,ColdDig_LiveSort,3' v3,E09,,no,no,no,none,yes,,,,,,
E09_EuE,Tan,GSM6102560_E09_EuE,2,Fresh,Cells,Superficial,Endometriosis_Endometrium,EN,ColdDig_LiveSort,3' v3,E09,,no,no,no,none,yes,,,,,,
E10_EcO,Tan,GSM6102561_E10_EcO,2,Fresh,Cells,Lesion_Ovarian,Ectopic_Ovary,Ovary,ColdDig_LiveSort,3' v3,E10,,no,no,no,none,yes,,,,,,
E11_EcO,Tan,GSM6102562_E11_EcO,2,Fresh,Cells,Lesion_Ovarian,Ectopic_Ovary,Ovary,ColdDig_LiveSort,3' v3,E11,,no,no,no,none,yes,,,,,,
GSM4577306,Wang,SRR11869223,12,Fresh,Cells,Superficial,,EN,Coll.+Trypsin,3' v3.1,SAMN15049051,,no,no,no,none,no,,,,,,
GSM4577307,Wang,SRR11869225,12,Fresh,Cells,Superficial,,EN,Coll.+Trypsin,3' v3.1,SAMN15049050,,no,no,no,none,no,,,,,,
GSM4577308,Wang,SRR11869227,12,Fresh,Cells,Superficial,,EN,Coll.+Trypsin,3' v3.1,SAMN15049049,,no,no,no,none,no,,,,,,
GSM4577309,Wang,SRR11869229,12,Fresh,Cells,Superficial,,EN,Coll.+Trypsin,3' v3.1,SAMN15049048,,no,no,no,none,no,,,,,,
GSM4577310,Wang,SRR11869231,12,Fresh,Cells,Superficial,,EN,Coll.+Trypsin,3' v3.1,SAMN15049047,,no,no,no,none,no,,,,,,
GSM4577311,Wang,SRR11869233,12,Fresh,Cells,Superficial,,EN,Coll.+Trypsin,3' v3.1,SAMN15049046,,no,no,no,none,no,,,,,,
GSM4577312,Wang,SRR11869235,13,Fresh,Cells,Superficial,,EN,Coll.+Trypsin,3' v3.1,SAMN15049045,,no,no,no,none,no,,,,,,
GSM4577313,Wang,SRR11869236,12,Fresh,Cells,Superficial,,EN,Coll.+Trypsin,3' v3.1,SAMN15049044,,no,no,no,none,no,,,,,,
GSM4577314,Wang,SRR11869238,12,Fresh,Cells,Superficial,,EN,Coll.+Trypsin,3' v3.1,SAMN15049043,,no,no,no,none,no,,,,,,
GSM4577315,Wang,SRR11869240,13,Fresh,Cells,Superficial,,EN,Coll.+Trypsin,3' v3.1,SAMN15049042,,no,no,no,none,no,,,,,,
SAMN23461117,Zhang,SAMN23461117,66,Fresh,Cells,Superficial,,EN,NA,3',TE_POS_PP,,no,no,no,none,no,,,,,,
SAMN23461118,Zhang,SAMN23461118,66,Fresh,Cells,Superficial,,EN,NA,3',TE_POS_SP,,no,no,no,none,no,,,,,,
SAMN23461119,Zhang,SAMN23461119,66,Fresh,Cells,Superficial,,EN,NA,3',TE_NEG_PP,,no,no,no,none,no,,,,,,
SAMN23461120,Zhang,SAMN23461120,66,Fresh,Cells,Superficial,,EN,NA,3',TE_NEG_SP,,no,no,no,none,no,,,,,,
WSSS_END9372951,Garcia_Alonso,WSSS_END9372951,1,Frozen,Nuclei,Organ_Donor,,None,Unknown,3' v3.0,TRV2,,no,no,no,none,yes,,,,,,
WSSS_END9372952,Garcia_Alonso,WSSS_END9372952,1,Frozen,Nuclei,Organ_Donor,,None,Unknown,3' v3.0,TRV3,,no,no,no,none,yes,,,,,,
WSSS_END9372953,Garcia_Alonso,WSSS_END9372953,1,Frozen,Nuclei,Organ_Donor,,None,Unknown,3' v3.0,TRV3,,no,no,no,none,yes,,,,,,
WSSS_END9372954,Garcia_Alonso,WSSS_END9372954,1,Frozen,Nuclei,Organ_Donor,,None,Unknown,3' v3.0,TRV4,,no,no,no,none,yes,,,,,,
WSSS_END9372955,Garcia_Alonso,WSSS_END9372955,1,Frozen,Nuclei,Organ_Donor,,None,Unknown,3' v3.0,TRV4,,no,no,no,none,yes,,,,,,
WSSS_END9372956,Garcia_Alonso,WSSS_END9372956,1,Frozen,Nuclei,Organ_Donor,,None,Unknown,3' v3.0,TRV5,,no,no,no,none,yes,,,,,,
WSSS_END9372957,Garcia_Alonso,WSSS_END9372957,1,Frozen,Nuclei,Organ_Donor,,None,Unknown,3' v3.0,TRV5,,no,no,no,none,yes,,,,,,
UA_Endo10281923,Marecckovaa,UA_Endo10281923,20,Frozen,Nuclei,Superficial,,FT,Percoll,3' v3.1,FX1101,,no,no,no,none,yes,"22,133","31,970",662,,High Fraction of Reads Mapped Antisense to Genes 20.8% (ideal < 10%),
UA_Endo10281924,Marecckovaa,UA_Endo10281924,20,Frozen,Nuclei,Superficial,,FT,Buffer A/B,3' v3.1,FX1101,,no,no,no,none,yes,23452,"40,090","2,177",,Low Fraction Reads in Cells 59.3% (ideal > 70%),
UA_Endo10281925,Marecckovaa,UA_Endo10281925,20,Frozen,Nuclei,Superficial,,FT,Percoll,3' v3.1,FX1101,,no,no,no,none,yes,"21,487","40,150","1,600",,High Fraction of Reads Mapped Antisense to Genes 21.2% (ideal < 10%),
UA_Endo10281926,Marecckovaa,UA_Endo10281926,20,Frozen,Nuclei,Superficial,,FT,Percoll,3' v3.1,FX1101,,no,no,no,none,yes,"19,282","44,227","2,008",,High Fraction of Reads Mapped Antisense to Genes 20.7% (ideal < 10%),
UA_Endo10281927,Marecckovaa,UA_Endo10281927,20,Frozen,Nuclei,Superficial,,FT,FACS,3' v3.1,FX1101,,no,no,no,none,yes,"15,515","60,949","2,216",,High Fraction of Reads Mapped Antisense to Genes 21.7% (ideal < 10%),
UA_Endo11596521,Marecckovaa,UA_Endo11596521,43281,Frozen,Nuclei,Superficial,,EN,None,3' v3.0,FX1236,,no,no,no,none,yes,"10,640","60,635","2,360",,Low Fraction Reads in Cells 60% (ideal > 70%),
UA_Endo12604668,Marecckovaa,UA_Endo12604668,44595,Frozen,Nuclei,Superficial,,EN,None,3' v3.0,FX9016,,no,no,no,none,yes,"2,362","400,656","1,310",,bad. Low Fraction Reads in Cells 34% (ideal > 70%),
UA_Endo12821482,Marecckovaa,UA_Endo12821482,44831,Frozen,Nuclei,Superficial,,EN,None,3' v3.0,FX0024,,no,no,no,none,yes,"5,222","149,702","2,100",,bad. Low Fraction Reads in Cells 44% (ideal > 70%). High Fraction of Reads Mapped Antisense to Genes 12% (Ideal < 10%),
UA_Endo12821483,Marecckovaa,UA_Endo12821483,44831,Frozen,Nuclei,Superficial,,EN,None,3' v3.0,FX1080,,no,no,no,none,yes,"6,764","111,226","1,481",,Low Fraction Reads in Cells 56% (ideal > 70%). High Fraction of Reads Mapped Antisense to Genes  15% (Ideal < 10%),
UA_Endo12821484,Marecckovaa,UA_Endo12821484,44831,Frozen,Nuclei,Superficial,,EN,None,3' v3.0,FX9010,,no,no,no,none,yes,"4,029","203,719",616,,bad. Low Fraction Reads in Cells 49% (ideal > 70%). High Fraction of Reads Mapped Antisense to Genes 12% (Ideal < 10%),
UA_Endo12821485,Marecckovaa,UA_Endo12821485,44831,Frozen,Nuclei,Superficial,,EN,None,3' v3.0,FX0065,,no,no,no,none,yes,"4,021","55,015","1,877",,bad. Low Fraction Reads in Cells 34% (ideal > 70%),
UA_Endo12821486,Marecckovaa,UA_Endo12821486,44831,Frozen,Nuclei,Superficial,,EN,None,3' v3.0,FX1174,,no,no,no,none,yes,"5,135","149,714",665,degradation,,
UA_Endo12821487,Marecckovaa,UA_Endo12821487,44831,Frozen,Nuclei,Superficial,,EN,None,3' v3.0,FX1191,,no,no,no,none,yes,"2,515","289,559","1,511",,bad. Low Fraction Reads in Cells 39% (ideal > 70%). High Fraction of Reads Mapped Antisense to Genes 11% (Ideal < 10%),
UA_Endo12821488,Marecckovaa,UA_Endo12821488,44831,Frozen,Nuclei,Superficial,,EN,None,3' v3.0,FX9018,,no,no,no,none,yes,"7,030","58,809","2,192",,Low Fraction Reads in Cells 52% (ideal > 70%). High Fraction of Reads Mapped Antisense to Genes  13% (Ideal < 10%),
GSM6574527,Fonseca,Sample23,0,Frozen,Cells,Lesion_Peritoneal,Deepinfiltrating,Peritoneum,,3',Fonseca_10,Fonseca_9,yes,no,no,none,no,,,,,,
GSM6634274,Fonseca,Sample4,0,Fresh,Cells,Superficial,Other_Endometrium,EN,,3',Fonseca_3,Fonseca_4,yes,no,no,none,no,,,,,,
UA_Endo10298210,Marecckovaa,Endometriosis4_FT,16,Frozen,Cells,Superficial,,EN,Collagenase,3' v3.1,FX1125,FX1176,yes,no,FX1125; FX1176,main,yes,"9,863","96,357","4,496",,good,
UA_Endo10298211,Marecckovaa,Endometriosis4_GF,16,Frozen,Cells,Superficial,,EN,Trypsin,3' v3.1,FX1125,FX1176,yes,no,FX1125; FX1176,main,yes,"2,247","307,686","4,919",,good,
UA_Endo10298212,Marecckovaa,Endometriosis5_FT,16,Frozen,Cells,Superficial,,EN,Collagenase,3' v3.1,FX9006,FX1156,yes,no,FX1156,main,yes,"19,057","42,932","2,834",,good,
UA_Endo10298213,Marecckovaa,Endometriosis5_GF,16,Frozen,Cells,Superficial,,EN,Trypsin,3' v3.1,FX9006,FX1156,yes,no,FX1156,main,yes,"20,925","30,619","1,812",,good,
UA_Endo12680031,Marecckovaa,Endometriosis6_FT,44568,Frozen,Cells,Superficial,,EN,Collagenase,3' v3.1,FX1119,FX1259,yes,no,FX1119,main,yes,"15,831","53,239","2,749",good,good,
UA_Endo9426401,Marecckovaa,Endometriosis2_FT,15,Frozen,Cells,Superficial,,EN,Collagenase,3' v3.1,FX9006,FX1156,yes,no,FX1156,main,yes,"32,149","22,488","2,535",good,good,
UA_Endo9426402,Marecckovaa,Endometriosis2_GF,15,Frozen,Cells,Superficial,,EN,Trypsin,3' v3.1,FX1156,FX9006,yes,no,FX1156,main,yes,"1,929","380,325","4,969",good,good,
UA_Endo12680033,Marecckovaa,Endometriosis7_FT,44568,Frozen,Cells,Superficial,,EN,Collagenase,3' v3.1,FX1249,FX1254,yes,yes,no,none,yes,"15,784",47435,2291,,good,Unable to link genotypes in UA_Endo12680034
UA_Endo12680034,Marecckovaa,Endometriosis7_GF,44568,Frozen,Cells,Superficial,,EN,Trypsin,3' v3.1,FX1254,FX1249,yes,no - read comment,no,none,yes,"5,776",75935,4544,,good,Unable to link genotypes UA_Endo12680033
UA_Endo12961679,Marecckovaa,,,Frozen,Cells,Superficial,endometriosis8_FT,EN,Collagenase,3' v3.1,FX1285,SE02,yes,no - hashing failed,no - link with organoids,none,yes,"2,063","184,761",532,,Low Fraction Reads in Cells 64.30% (Ideal > 70%),
UA_Endo12961680,Marecckovaa,,,Frozen,Cells,Superficial,endometriosis8_GF,EN,Trypsin,3' v3.1,FX1285,SE02,yes,no - hashing failed,no - link with organoids,none,yes,138,"4,667,059","3,370",,good,
UA_Endo12961681,Marecckovaa,,,Frozen,Cells,Superficial,endometriosis9_FT,EN,Collagenase,3' v3.1,SE03,FX1289,yes,no - hashing failed,no - link with organoids,none,yes,"2,581","219,730",739,,good,
UA_Endo12961682,Marecckovaa,,,Frozen,Cells,Superficial,endometriosis9_GF,EN,Trypsin,3' v3.1,SE03,FX1289,yes,no - hashing failed,no - link with organoids,none,yes,"1,645","477,831","2,307",,good,
GSM6161373_wholeME_MEtissue,Shih,GSM6161373_wholeME_MEtissue,0,Fresh,Cells,Menstrual_Effluent,Menstrual_Effluent,Menstrual_Effluent,Unknown,,,,yes,no,no,none,no,,,,,,
GSM6161374_MEtissue1,Shih,GSM6161374_MEtissue1,0,Fresh,Cells,Menstrual_Effluent,Menstrual_Effluent,Menstrual_Effluent,Unknown,,,,yes,no,no,none,no,,,,,,
GSM6161375_MEtissue2,Shih,GSM6161375_MEtissue2,0,Fresh,Cells,Menstrual_Effluent,Menstrual_Effluent,Menstrual_Effluent,Unknown,,,,yes,no,no,none,no,,,,,,
GSM6161376_MEtissue3,Shih,GSM6161376_MEtissue3,0,Fresh,Cells,Menstrual_Effluent,Menstrual_Effluent,Menstrual_Effluent,Unknown,,,,yes,no,no,none,no,,,,,,
GSM6161377_MEtissue4,Shih,GSM6161377_MEtissue4,0,Fresh,Cells,Menstrual_Effluent,Menstrual_Effluent,Menstrual_Effluent,Unknown,,,,yes,no,no,none,no,,,,,,
GSM6161378_MEtissue5,Shih,GSM6161378_MEtissue5,0,Fresh,Cells,Menstrual_Effluent,Menstrual_Effluent,Menstrual_Effluent,Unknown,,,,yes,no,no,none,no,,,,,,
GSM6161379_MEtissue6,Shih,GSM6161379_MEtissue6,0,Fresh,Cells,Menstrual_Effluent,Menstrual_Effluent,Menstrual_Effluent,Unknown,,,,yes,no,no,none,no,,,,,,
GSM6161380_MEtissue7,Shih,GSM6161380_MEtissue7,0,Fresh,Cells,Menstrual_Effluent,Menstrual_Effluent,Menstrual_Effluent,Unknown,,,,yes,no,no,none,no,,,,,,
GSM6161381_wholeME2,Shih,GSM6161381_wholeME2,0,Fresh,Cells,Menstrual_Effluent,Menstrual_Effluent,Menstrual_Effluent,Unknown,,,,yes,no,no,none,no,,,,,,
GSM6161382_wholeME3,Shih,GSM6161382_wholeME3,0,Fresh,Cells,Menstrual_Effluent,Menstrual_Effluent,Menstrual_Effluent,Unknown,,,,yes,no,no,none,no,,,,,,
GSM6161383_wholeME1,Shih,GSM6161383_wholeME1,0,Fresh,Cells,Menstrual_Effluent,Menstrual_Effluent,Menstrual_Effluent,Unknown,,,,yes,no,no,none,no,,,,,,
UA_Endo12269812,Marecckovaa,UA_Endo12269812,43937,Frozen,Nuclei,Superficial,,EN,None,3' v3.0,EX0661,EX0789,yes,no,EX0789,extra,yes,"25,382","23,522","1,339","bad, library clusters are outliers. Both genotypes in the library are affected, thus it looks a lib preparation issue",bad. Low Fraction Reads in Cells 44.0% (ideal > 70%). High Fraction of Reads Mapped Antisense to Genes  22.6% (Ideal < 10%),
UA_Endo12269814,Marecckovaa,UA_Endo12269814,43937,Frozen,Nuclei,Superficial,,EN,None,3' v3.0,EX0789,EX0661,yes,no,EX0789,extra,yes,"14,493","41,994","2,059",,Low Fraction Reads in Cells 69% (ideal > 70%). High Fraction of Reads Mapped Antisense to Genes  20% (Ideal < 10%),
UA_Endo11173480,Marecckovaa,UA_Endo11173480,42058,Frozen,Nuclei,Superficial,,EN,Mixed,3' v3.0,FX1205,FX0052,yes,no,FX1205,main,yes,"14,010","53,206","1,952",,bad. Low Fraction Reads in Cells 46.0% (ideal > 70%),
UA_Endo11173481,Marecckovaa,UA_Endo11173481,42058,Frozen,Nuclei,Superficial,,EN,Percoll,3' v3.0,FX1090,FX9022,yes,no,FX1090,main,yes,"14,983","49,749","2,042",,Low Fraction Reads in Cells 52.6% (ideal > 70%),
UA_Endo11173482,Marecckovaa,UA_Endo11173482,42058,Frozen,Nuclei,Superficial,,EN,Mixed,3' v3.0,FX1087,FX9011,yes,no,FX1087,main,yes,"14,629","45,008","1,261",,Low Fraction Reads in Cells 54.6% (ideal > 70%),
UA_Endo11282193,Marecckovaa,UA_Endo11282193,43103,Frozen,Nuclei,Superficial,,EN,None,3' v3.0,EX0540,FX1146,yes,no,FX1146,main,yes,"20,298","31,298","2,143",,RNA not mapped to cells. High levels of ambient RNA,
UA_Endo11460960,Marecckovaa,UA_Endo11460960,42196,Frozen,Nuclei,Superficial,,EN,None,3' v3.0,EX0366,FX1100,yes,no,FX1100; EX0366,main,yes,"28,202","28,285","1,985",,Low Fraction Reads in Cells 60% (ideal > 70%),
UA_Endo11460961,Marecckovaa,UA_Endo11460961,42196,Frozen,Nuclei,Superficial,,EN,None,3' v3.0,FX1097,FX0011,yes,no,FX1097,main,yes,"20,910","35,944","2,275",,Low Fraction Reads in Cells 55% (ideal > 70%),
UA_Endo11460962,Marecckovaa,UA_Endo11460962,42196,Frozen,Nuclei,Superficial,,EN,None,3' v3.0,FX1170,FX1141,yes,no,FX1141; FX1170,main,yes,"21,465","33,537",863,"bimodal, likely mixture of lowQC cells",good,
UA_Endo11460963,Marecckovaa,UA_Endo11460963,42196,Frozen,Nuclei,Superficial,,EN,None,3' v3.0,FX1215,FX9006,yes,no,FX1215,main,yes,"24,825","31,923",748,"bimodal, likely mixture of lowQC cells",good,
UA_Endo11596522,Marecckovaa,UA_Endo11596522,43281,Frozen,Nuclei,Superficial,,EN,None,3' v3.0,FX1104,FX9005,yes,no,FX9005,main,yes,"25,051","23,238","1,923",,Low Fraction Reads in Cells 60% (ideal > 70%),
UA_Endo12061415,Marecckovaa,UA_Endo12061415,43937,Frozen,Nuclei,Superficial,,EN,None,3' v3.0,FX1223,FX1158,yes,no,FX1158,main,yes,"16,142","28,438",825,degradation,High Fraction of Reads Mapped Antisense to Genes  13.7% (Ideal < 10%),
UA_Endo12061703,Marecckovaa,UA_Endo12061703,43281,Frozen,Nuclei,Superficial,,EN,None,3' v3.0,FX9020,FX0056,yes,no,FX0056,main,yes,"22,847","29,738","1,354",degradation,High Fraction of Reads Mapped Antisense to Genes  14% (Ideal < 10%),
UA_Endo12061704,Marecckovaa,UA_Endo12061704,43281,Frozen,Nuclei,Superficial,,EN,None,3' v3.0,FX9024,FX1163,yes,no,FX1163,main,yes,"20,939","41,494","2,161",degradation,High Fraction of Reads Mapped Antisense to Genes  14.6% (Ideal < 10%),
UA_Endo12061705,Marecckovaa,UA_Endo12061705,43281,Frozen,Nuclei,Superficial,,EN,None,3' v3.0,FX1129,FX9009,yes,no,FX9009,main,yes,"22,886","28,452",866,degradation,High Fraction of Reads Mapped Antisense to Genes  11% (Ideal < 10%),
UA_Endo12061706,Marecckovaa,UA_Endo12061706,43281,Frozen,Nuclei,Superficial,,EN,None,3' v3.0,FX1176,FX1109,yes,no,FX1109; FX1176,main,yes,"11,729","53,486","1,089","ambien RNA population, in both genotypes",RNA not mapped to cells. High levels of ambient RNA,
UA_Endo12269810,Marecckovaa,UA_Endo12269810,43937,Frozen,Nuclei,Superficial,,EN,None,3' v3.0,FX1106,FX0033,yes,no,FX1106,main,yes,"13,317","42,550","2,451",degradation,High Fraction of Reads Mapped Antisense to Genes  23% (Ideal < 10%),
UA_Endo12269811,Marecckovaa,UA_Endo12269811,43937,Frozen,Nuclei,Superficial,,EN,None,3' v3.0,FX0022,FX0060,yes,no,FX0022; FX0060,main,yes,"17,090","26,394","1,980",degradation,High Fraction of Reads Mapped Antisense to Genes  20.3% (Ideal < 10%),
UA_Endo12269813,Marecckovaa,UA_Endo12269813,43937,Frozen,Nuclei,Superficial,,EN,None,3' v3.0,FX9001,FX1233,yes,no,FX1233,main,yes,"14,725","34,303","2,105",,Low Fraction Reads in Cells 60% (ideal > 70%). High Fraction of Reads Mapped Antisense to Genes  14% (Ideal < 10%),
UA_Endo12296823,Marecckovaa,UA_Endo12296823,43937,Frozen,Nuclei,Superficial,,EN,None,3' v3.0,EX0795,FX1119,yes,no,EX0795; FX1119,main,yes,"15,062","41,293","2,135",,High Fraction of Reads Mapped Antisense to Genes,
UA_Endo12296824,Marecckovaa,UA_Endo12296824,43937,Frozen,Nuclei,Superficial,,EN,None,3' v3.0,FX1125,FX9008,yes,no,FX1125,main,yes,"15,386","45,491","2,182",,RNA not mapped to cells. High levels of ambient RNA,
UA_Endo12449298,Marecckovaa,UA_Endo12449298,43996,Frozen,Nuclei,Superficial,,EN,None,3' v3.0,FX1156,FX1160,yes,no,FX1156; FX1160,main,yes,"13,099","62,697","2,155",,High Fraction of Reads Mapped Antisense to Genes,
UA_Endo12449299,Marecckovaa,UA_Endo12449299,43996,Frozen,Nuclei,Superficial,,EN,None,3' v3.0,EX0288,EX0277,yes,no,EX0277; EX0288,main,yes,"11,474","55,632","2,944",,Low Fraction Reads in Cells 68% (ideal > 70%). High Fraction of Reads Mapped Antisense to Genes  15% (Ideal < 10%),
UA_Endo12449300,Marecckovaa,UA_Endo12449300,43996,Frozen,Nuclei,Superficial,,EN,None,3' v3.0,FX9027,EX0045,yes,no,EX0045,main,yes,"17,393","31,657","2,429",,Low Fraction Reads in Cells 67% (ideal > 70%). High Fraction of Reads Mapped Antisense to Genes  14% (Ideal < 10%),
UA_Endo12449301,Marecckovaa,UA_Endo12449301,43996,Frozen,Nuclei,Superficial,,EN,None,3' v3.0,FX1136,FX1150,yes,no,FX1136,main,yes,"13,106","59,888","2,289",,Low Fraction Reads in Cells 63% (ideal > 70%). High Fraction of Reads Mapped Antisense to Genes  14% (Ideal < 10%),
UA_Endo12604667,Marecckovaa,UA_Endo12604667,44595,Frozen,Nuclei,Superficial,,EN,None,3' v3.0,FX1130,FX0028,yes,no,FX0028,main,yes,"14,064","55,439","2,621",,High Fraction of Reads Mapped Antisense to Genes  15% (Ideal < 10%),
UA_Endo12865960,Marecckovaa,UA_Endo12865960,44999,Frozen,Nuclei,Superficial,,EN,None,3' v3.1,FX9013,FX1170,yes,no,FX1170,main,yes,"26,359","31,684","2,029",,Low Fraction Reads in Cells 69% (ideal > 70%). High Fraction of Reads Mapped Antisense to Genes 17% (Ideal < 10%),
UA_Endo12865963,Marecckovaa,UA_Endo12865963,44999,Frozen,Nuclei,Superficial,,EN,None,3' v3.1,FX1087,FX9021,yes,no,FX1087,main,yes,"28,686","24,550","2,109",,Low Fraction Reads in Cells 63% (ideal > 70%). High Fraction of Reads Mapped Antisense to Genes 15% (Ideal < 10%),
UA_Endo12865964,Marecckovaa,UA_Endo12865964,44999,Frozen,Nuclei,Superficial,,EN,None,3' v3.1,FX1215,FX1109,yes,no,FX1109; FX1215,main,yes,"18,019","43,128",2064,,bad. Low Fraction Reads in Cells 49% (ideal > 70%). High Fraction of Reads Mapped Antisense to Genes 15% (Ideal < 10%),
UA_Endo12865965,Marecckovaa,UA_Endo12865965,44999,Frozen,Nuclei,Superficial,,EN,None,3' v3.1,FX1141,FX9001,yes,no,FX1141,main,yes,"19,826","35,569","2,049",,High Fraction of Reads Mapped Antisense to Genes 14%,
UA_Endo12865966,Marecckovaa,UA_Endo12865966,44999,Frozen,Nuclei,Superficial,,EN,None,3' v3.1,FX1176,FX1223,yes,no,FX1176,main,yes,"11,440","46,729","2,168","bad, all doublets",High Fraction of Reads Mapped Antisense to Genes,
UA_Endo12894973,Marecckovaa,UA_Endo12894973,45089,Frozen,Nuclei,Superficial,,EN,None,3' v3.1,FX1158,FX9017,yes,no,FX1158,main,yes,"8,181","96,282","2,242","bad, library clusters are outliers. Both genotypes in the library are affected, thus it looks a lib preparation issue",bad. Low Fraction Reads in Cells 32% (ideal > 70%). High Fraction of Reads Mapped Antisense to Genes 15% (Ideal < 10%),
UA_Endo12894974,Marecckovaa,UA_Endo12894974,45089,Frozen,Nuclei,Superficial,,EN,None,3' v3.1,FX9023,FX9009,yes,no,FX9009,main,yes,"25,533","32,928","1,961","bad, library clusters are outliers. Both genotypes in the library are affected, thus it looks a lib preparation issue",Low Fraction Reads in Cells 55% (ideal > 70%). High Fraction of Reads Mapped Antisense to Genes 12% (Ideal < 10%),
UA_Endo12865961,Marecckovaa,UA_Endo12865961,44999,Frozen,Nuclei,Superficial,,EN,None,3' v3.1,FX9006,FX9014,yes,no,no - see comment,none,yes,"19,791","46,949","2,426",,RNA not mapped to cells. High levels of ambient RNA,
UA_Endo12865962,Marecckovaa,UA_Endo12865962,44999,Frozen,Nuclei,Superficial,,EN,None,3' v3.1,FX9012,FX1236,yes,no,no - read comment,none,yes,"15,740","50,217","2,402",,bad. Low Fraction Reads in Cells 42% (ideal > 70%). High Fraction of Reads Mapped Antisense to Genes 14% (Ideal < 10%),
UA_Endo12821480,Marecckovaa,UA_Endo12821480,44831,Frozen,Nuclei,Superficial,,EN,None,3' v3.0,FX1122,FX1074,yes,no,FX1074,two_extra,yes,"9,259","92,102","2,322",,Low Fraction Reads in Cells 60% (ideal > 70%). High Fraction of Reads Mapped Antisense to Genes  15% (Ideal < 10%),
UA_Endo12821481,Marecckovaa,UA_Endo12821481,44831,Frozen,Nuclei,Superficial,,EN,None,3' v3.0,FX9007,FX1111,yes,no,FX1111,two_extra,yes,"12,080","45,077","1,908",,Low Fraction Reads in Cells 55% (ideal > 70%). High Fraction of Reads Mapped Antisense to Genes  16% (Ideal < 10%),
GSM6605439,Huang,GSM6605439,0,Fresh,Cells,Superficial,Control,EN,None,3' v3.2,GSM6605439,,no,no,,,no,,,,,,
GSM6605440,Huang,GSM6605440,0,Fresh,Cells,Superficial,Control,EN,None,3' v3.2,GSM6605440,,no,no,,,no,,,,,,
GSM6605432,Huang,GSM6605432,0,Fresh,Cells,Superficial,Endometriosis,EN,None,3' v3.2,GSM6605432,,no,no,,,no,,,,,,
GSM6605433,Huang,GSM6605433,0,Fresh,Cells,Superficial,Endometriosis,EN,None,3' v3.2,GSM6605433,,no,no,,,no,,,,,,
GSM6605434,Huang,GSM6605434,0,Fresh,Cells,Superficial,Endometriosis,EN,None,3' v3.2,GSM6605434,,no,no,,,no,,,,,,
GSM6605437,Huang,GSM6605437,0,Fresh,Cells,Superficial,Control,EN,None,3' v3.2,GSM6605437,,no,no,,,no,,,,,,
GSM6605438,Huang,GSM6605438,0,Fresh,Cells,Superficial,Control,EN,None,3' v3.2,GSM6605438,,no,no,,,no,,,,,,
GSM6605431,Huang,GSM6605431,0,Fresh,Cells,Superficial,Endometriosis,EN,None,3' v3.2,GSM6605431,,no,no,,,no,,,,,,
GSM6605435,Huang,GSM6605435,0,Fresh,Cells,Superficial,Endometriosis,EN,None,3' v3.2,GSM6605435,,no,no,,,no,,,,,,
GSM6605436,Huang,GSM6605436,0,Fresh,Cells,Superficial,Endometriosis,EN,None,3' v3.2,GSM6605436,,no,no,,,no,,,,,,