sample,Library_genotype,StudyName,genotype,SampleID,Lane,Processing,Type,Biopsy_type,Tissue_sampled,Spatial_location,Ectopic_group,Group,BiopsyType_old,Tissue,Treatment,10x kit,Donor,multiplexed,hashing,genotyped,discard_lowQC,QC,comments
4861STDY7387181,4861STDY7387181_A13,Garcia_Alonso,A13,4861STDY7387181,100,Fresh,Cells,Whole_Uterus,eutopic_endometrium,N/A,N/A,Ctrl_whole_uterus,Organ_Donor,EN_enrich,Coll.+Trypsin,3' v3.0,A13,no,no,no,no,,
4861STDY7387182,4861STDY7387182_A13,Garcia_Alonso,A13,4861STDY7387182,100,Fresh,Cells,Whole_Uterus,eutopic_endometrium,N/A,N/A,Ctrl_whole_uterus,Organ_Donor,EN_enrich,Coll.+Trypsin,3' v3.0,A13,no,no,no,no,,
4861STDY7387183,4861STDY7387183_A13,Garcia_Alonso,A13,4861STDY7387183,100,Fresh,Cells,Whole_Uterus,myometrium,,N/A,Ctrl_whole_uterus,Organ_Donor,Myometrium,Coll.+Trypsin,3' v3.0,A13,no,no,no,no,,
4861STDY7387184,4861STDY7387184_A14,Garcia_Alonso,A14,4861STDY7387184,100,Fresh,Cells,Whole_Uterus,eutopic_endometrium,N/A,N/A,Ctrl_whole_uterus,Organ_Donor,EN,Coll.+Trypsin,3' v3.0,A14,no,no,no,no,,
4861STDY7387185,4861STDY7387185_A14,Garcia_Alonso,A14,4861STDY7387185,100,Fresh,Cells,Whole_Uterus,eutopic_endometrium,N/A,N/A,Ctrl_whole_uterus,Organ_Donor,EN,Coll.+Trypsin,3' v3.0,A14,no,no,no,no,,
4861STDY7387186,4861STDY7387186_A14,Garcia_Alonso,A14,4861STDY7387186,100,Fresh,Cells,Whole_Uterus,myometrium,,N/A,Ctrl_whole_uterus,Organ_Donor,Myometrium,Coll.+Trypsin,3' v3.0,A14,no,no,no,no,,
4861STDY7462245,4861STDY7462245_A16,Garcia_Alonso,A16,4861STDY7462245,100,Fresh,Cells,Whole_Uterus,eutopic_endometrium,N/A,N/A,Ctrl_whole_uterus,Organ_Donor,EN_enrich,Collagenase,3' v2.0,A16,no,no,no,no,,
4861STDY7462246,4861STDY7462246_A16,Garcia_Alonso,A16,4861STDY7462246,100,Fresh,Cells,Whole_Uterus,eutopic_endometrium,N/A,N/A,Ctrl_whole_uterus,Organ_Donor,EN_enrich,Collagenase,3' v2.0,A16,no,no,no,no,,
4861STDY7462247,4861STDY7462247_A16,Garcia_Alonso,A16,4861STDY7462247,100,Fresh,Cells,Whole_Uterus,eutopic_endometrium,N/A,N/A,Ctrl_whole_uterus,Organ_Donor,EN_enrich,Collagenase,3' v2.0,A16,no,no,no,no,,
4861STDY7462248,4861STDY7462248_A16,Garcia_Alonso,A16,4861STDY7462248,100,Fresh,Cells,Whole_Uterus,myometrium,,N/A,Ctrl_whole_uterus,Organ_Donor,Myometrium,Collagenase,3' v2.0,A16,no,no,no,no,,
4861STDY7509538,4861STDY7509538_A17,Garcia_Alonso,A17,4861STDY7509538,100,Fresh,Cells,Whole_Uterus,eutopic_endometrium,N/A,N/A,Ctrl_whole_uterus,Organ_Donor,EN,Coll.+Trypsin,3' v3.0,A17,no,no,no,no,,
4861STDY7509539,4861STDY7509539_A17,Garcia_Alonso,A17,4861STDY7509539,100,Fresh,Cells,Whole_Uterus,eutopic_endometrium,N/A,N/A,Ctrl_whole_uterus,Organ_Donor,EN,Coll.+Trypsin,3' v3.0,A17,no,no,no,no,,
4861STDY7509540,4861STDY7509540_A17,Garcia_Alonso,A17,4861STDY7509540,100,Fresh,Cells,Whole_Uterus,eutopic_endometrium_myometrium,,N/A,Ctrl_whole_uterus,Organ_Donor,ENMYO,Coll.+Trypsin,3' v3.0,A17,no,no,no,no,,
4861STDY7509541,4861STDY7509541_A17,Garcia_Alonso,A17,4861STDY7509541,100,Fresh,Cells,Whole_Uterus,myometrium,,N/A,Ctrl_whole_uterus,Organ_Donor,Myometrium,Coll.+Trypsin,3' v3.0,A17,no,no,no,no,,
4861STDY7619057,4861STDY7619057_A22,Garcia_Alonso,A22,4861STDY7619057,100,Fresh,Cells,Whole_Uterus,,,N/A,Ctrl_whole_uterus,Organ_Donor,ENFLP,Coll.+Trypsin,3' v3.0,A22,no,no,no,no,,
4861STDY7619058,4861STDY7619058_A22,Garcia_Alonso,A22,4861STDY7619058,100,Fresh,Cells,Whole_Uterus,eutopic_endometrium,uterus_middle,N/A,Ctrl_whole_uterus,Organ_Donor,ENmid,Coll.+Trypsin,3' v3.0,A22,no,no,no,no,,
4861STDY7619059,4861STDY7619059_A22,Garcia_Alonso,A22,4861STDY7619059,100,Fresh,Cells,Whole_Uterus,eutopic_endometrium,uterus_nearCervix,N/A,Ctrl_whole_uterus,Organ_Donor,ENCervix,Coll.+Trypsin,3' v3.0,A22,no,no,no,no,,
4861STDY7619063,4861STDY7619063_A22,Garcia_Alonso,A22,4861STDY7619063,100,Fresh,Cells,Whole_Uterus,,,N/A,Ctrl_whole_uterus,Organ_Donor,ENFLP,Coll.+Trypsin,3' v3.0,A22,no,no,no,no,,
4861STDY7771114,4861STDY7771114_A30,Garcia_Alonso,A30,4861STDY7771114,100,Fresh,Cells,Whole_Uterus,eutopic_endometrium,uterus_nearCervix,N/A,Ctrl_whole_uterus,Organ_Donor,ENCervix,Coll.+Trypsin,3' v3.0,A30,no,no,no,no,,
4861STDY7771115,4861STDY7771115_A30,Garcia_Alonso,A30,4861STDY7771115,100,Fresh,Cells,Whole_Uterus,eutopic_endometrium,,N/A,Ctrl_whole_uterus,Organ_Donor,EN_enrich,Coll.+Trypsin,3' v3.0,A30,no,no,no,no,,
4861STDY7771116,4861STDY7771116_A30,Garcia_Alonso,A30,4861STDY7771116,100,Fresh,Cells,Whole_Uterus,,,N/A,Ctrl_whole_uterus,Organ_Donor,ENFLP,Coll.+Trypsin,3' v3.0,A30,no,no,no,no,,
4861STDY7771122,4861STDY7771122_A30,Garcia_Alonso,A30,4861STDY7771122,100,Fresh,Cells,Whole_Uterus,eutopic_endometrium,uterus_nearCervix,N/A,Ctrl_whole_uterus,Organ_Donor,ENCervix,Coll.+Trypsin,3' v3.0,A30,no,no,no,no,,
4861STDY7771123,4861STDY7771123_A30,Garcia_Alonso,A30,4861STDY7771123,100,Fresh,Cells,Whole_Uterus,eutopic_endometrium,,N/A,Ctrl_whole_uterus,Organ_Donor,EN_enrich,Coll.+Trypsin,3' v3.0,A30,no,no,no,no,,
HCA_FR_CBTM_12920384,HCA_FR_CBTM_12920384_A66,CBTM,A66,A66-RPT-8-SC-1,0,Fresh,Cells,Whole_Uterus,,,N/A,Ctrl_whole_uterus,Organ_Donor,None,Coll.+Trypsin,3' v3.1,A66,no,no,no,no,,
HCA_FR_CBTM_12920385,HCA_FR_CBTM_12920385_A66,CBTM,A66,A66-RPT-8-SC-2,0,Fresh,Cells,Whole_Uterus,,,N/A,Ctrl_whole_uterus,Organ_Donor,None,Coll.+Trypsin,3' v3.1,A66,no,no,no,no,,
HCA_A_RepT_RNA13247830,HCA_A_RepT_RNA13247830_A70,CBTM,A70,HCA_A_RepT_RNA13247830,0,Fresh,Cells,Whole_Uterus,eutopic_endometrium,,N/A,Ctrl_whole_uterus,Organ_Donor,EN_enrich,Coll.+Trypsin,3' v3.1,A70,no,no,no,no,,
HCA_A_RepT_RNA13247831,HCA_A_RepT_RNA13247831_A70,CBTM,A70,HCA_A_RepT_RNA13247831,0,Fresh,Cells,Whole_Uterus,myometrium,,N/A,Ctrl_whole_uterus,Organ_Donor,Myometrium,Coll.+Trypsin,3' v3.0,A70,no,no,no,no,,
C01_Ctrl,GSM6102532_C01_Ctrl,Tan,C01,GSM6102532_C01_Ctrl,2,Fresh,Cells,Superficial_Eutopic,eutopic_endometrium,N/A,N/A,Ctrl_Superficial,Superficial,,ColdDig_LiveSort,3' v3,C01,no,no,no,no,,
C02_Ctrl,GSM6102533_C02_Ctrl,Tan,C02,GSM6102533_C02_Ctrl,2,Fresh,Cells,Superficial_Eutopic,eutopic_endometrium,N/A,N/A,Ctrl_Superficial,Superficial,,ColdDig_LiveSort,3' v3,C02,no,no,no,no,,
C03_Ctrl,GSM6102534_C03_Ctrl,Tan,C03,GSM6102534_C03_Ctrl,2,Fresh,Cells,Superficial_Eutopic,eutopic_endometrium,N/A,N/A,Ctrl_Superficial,Superficial,,ColdDig_LiveSort,3' v3,C03,no,no,no,no,,
E01_EcP,GSM6102536_E01_EcP,Tan,E01,GSM6102536_E01_EcP,2,Fresh,Cells,Ectopic_Lesion,ectopic_peritoneal_lesion,peritoneum,superficial,Lesion_Peritoneal,Lesion_Peritoneal,,ColdDig_LiveSort,3' v3,E01,no,no,no,no,,
E01_EcPA,GSM6102535_E01_EcPA,Tan,E01,GSM6102535_E01_EcPA,2,Fresh,Cells,Ectopic_Peritoneum,ectopic_peritoneum_adjacent,peritoneumAdjacent,N/A,PeritoneumAdjacent,PeritoneumAdjacent,,ColdDig_LiveSort,3' v3,E01,no,no,no,no,,
E01_EuE,GSM6102537_E01_EuE,Tan,E01,GSM6102537_E01_EuE,2,Fresh,Cells,Superficial_Eutopic,eutopic_endometrium,N/A,N/A,Endo_Superficial,Superficial,,ColdDig_LiveSort,3' v3,E01,no,no,no,no,,
E02_EcP,GSM6102539_E02_EcP,Tan,E02,GSM6102539_E02_EcP,2,Fresh,Cells,Ectopic_Lesion,ectopic_peritoneal_lesion,peritoneum,superficial,Lesion_Peritoneal,Lesion_Peritoneal,,ColdDig_LiveSort,3' v3,E02,no,no,no,no,,
E02_EcPA,GSM6102538_E02_EcPA,Tan,E02,GSM6102538_E02_EcPA,2,Fresh,Cells,Ectopic_Peritoneum,ectopic_peritoneum_adjacent,peritoneumAdjacent,N/A,PeritoneumAdjacent,PeritoneumAdjacent,,ColdDig_LiveSort,3' v3,E02,no,no,no,no,,
E02_EuE,GSM6102540_E02_EuE,Tan,E02,GSM6102540_E02_EuE,2,Fresh,Cells,Superficial_Eutopic,eutopic_endometrium,N/A,N/A,Endo_Superficial,Superficial,,ColdDig_LiveSort,3' v3,E02,no,no,no,no,,
E03_EcP,GSM6102542_E03_EcP,Tan,E03,GSM6102542_E03_EcP,2,Fresh,Cells,Ectopic_Lesion,ectopic_peritoneal_lesion,peritoneum,superficial,Lesion_Peritoneal,Lesion_Peritoneal,,ColdDig_LiveSort,3' v3,E03,no,no,no,no,,
E03_EcPA,GSM6102541_E03_EcPA,Tan,E03,GSM6102541_E03_EcPA,2,Fresh,Cells,Ectopic_Peritoneum,ectopic_peritoneum_adjacent,peritoneumAdjacent,N/A,PeritoneumAdjacent,PeritoneumAdjacent,,ColdDig_LiveSort,3' v3,E03,no,no,no,no,,
E03_EuE,GSM6102543_E03_EuE,Tan,E03,GSM6102543_E03_EuE,2,Fresh,Cells,Superficial_Eutopic,eutopic_endometrium,N/A,N/A,Endo_Superficial,Superficial,,ColdDig_LiveSort,3' v3,E03,no,no,no,no,,
E04_EcP,GSM6102545_E04_EcP,Tan,E04,GSM6102545_E04_EcP,2,Fresh,Cells,Ectopic_Lesion,ectopic_peritoneal_lesion,peritoneum,superficial,Lesion_Peritoneal,Lesion_Peritoneal,,ColdDig_LiveSort,3' v3,E04,no,no,no,no,,
E04_EcPA,GSM6102544_E04_EcPA,Tan,E04,GSM6102544_E04_EcPA,2,Fresh,Cells,Ectopic_Peritoneum,ectopic_peritoneum_adjacent,peritoneumAdjacent,N/A,PeritoneumAdjacent,PeritoneumAdjacent,,ColdDig_LiveSort,3' v3,E04,no,no,no,no,,
E04_EuE,GSM6102546_E04_EuE,Tan,E04,GSM6102546_E04_EuE,2,Fresh,Cells,Superficial_Eutopic,eutopic_endometrium,N/A,N/A,Endo_Superficial,Superficial,,ColdDig_LiveSort,3' v3,E04,no,no,no,no,,
E05_EcP,GSM6102548_E05_EcP,Tan,E05,GSM6102548_E05_EcP,2,Fresh,Cells,Ectopic_Lesion,ectopic_peritoneal_lesion,peritoneum,superficial,Lesion_Peritoneal,Lesion_Peritoneal,,ColdDig_LiveSort,3' v3,E05,no,no,no,no,,
E05_EcPA,GSM6102547_E05_EcPA,Tan,E05,GSM6102547_E05_EcPA,2,Fresh,Cells,Ectopic_Peritoneum,ectopic_peritoneum_adjacent,peritoneumAdjacent,N/A,PeritoneumAdjacent,PeritoneumAdjacent,,ColdDig_LiveSort,3' v3,E05,no,no,no,no,,
E05_EuE,GSM6102549_E05_EuE,Tan,E05,GSM6102549_E05_EuE,2,Fresh,Cells,Superficial_Eutopic,eutopic_endometrium,N/A,N/A,Endo_Superficial,Superficial,,ColdDig_LiveSort,3' v3,E05,no,no,no,no,,
E06_EcP,GSM6102550_E06_EcP,Tan,E06,GSM6102550_E06_EcP,2,Fresh,Cells,Ectopic_Lesion,ectopic_peritoneal_lesion,peritoneum,superficial,Lesion_Peritoneal,Lesion_Peritoneal,,ColdDig_LiveSort,3' v3,E06,no,no,no,no,,
E06_EuE,GSM6102551_E06_EuE,Tan,E06,GSM6102551_E06_EuE,2,Fresh,Cells,Superficial_Eutopic,eutopic_endometrium,N/A,N/A,Endo_Superficial,Superficial,,ColdDig_LiveSort,3' v3,E06,no,no,no,no,,
E07_EcO,GSM6102552_E07_EcO,Tan,E07,GSM6102552_E07_EcO,2,Fresh,Cells,Ectopic_Lesion,ectopic_ovarian_lesion,ovary,ovarian,Lesion_Ovarian,Lesion_Ovarian,,ColdDig_LiveSort,3' v3,E07,no,no,no,no,,
E07_EcP,GSM6102553_E07_EcP,Tan,E07,GSM6102553_E07_EcP,2,Fresh,Cells,Ectopic_Lesion,ectopic_peritoneal_lesion,peritoneum,superficial,Lesion_Peritoneal,Lesion_Peritoneal,,ColdDig_LiveSort,3' v3,E07,no,no,no,no,,
E07_EuE,GSM6102554_E07_EuE,Tan,E07,GSM6102554_E07_EuE,2,Fresh,Cells,Superficial_Eutopic,eutopic_endometrium,N/A,N/A,Endo_Superficial,Superficial,,ColdDig_LiveSort,3' v3,E07,no,no,no,no,,
E08_EuE,GSM6102555_E08_EuE,Tan,E08,GSM6102555_E08_EuE,2,Fresh,Cells,Superficial_Eutopic,eutopic_endometrium,N/A,N/A,Endo_Superficial,Superficial,,ColdDig_LiveSort,3' v3,E08,no,no,no,no,,
E09_EcO,GSM6102556_E09_EcO,Tan,E09,GSM6102556_E09_EcO,2,Fresh,Cells,Ectopic_Lesion,ectopic_ovarian_lesion,ovary,ovarian,Lesion_Ovarian,Lesion_Ovarian,,ColdDig_LiveSort,3' v3,E09,no,no,no,no,,
E09_EcP,GSM6102559_E09_EcP,Tan,E09,GSM6102559_E09_EcP,2,Fresh,Cells,Ectopic_Lesion,ectopic_peritoneal_lesion,peritoneum,superficial,Lesion_Peritoneal,Lesion_Peritoneal,,ColdDig_LiveSort,3' v3,E09,no,no,no,no,,
E09_EcPA,GSM6102558_E09_EcPA,Tan,E09,GSM6102558_E09_EcPA,2,Fresh,Cells,Ectopic_Peritoneum,ectopic_peritoneum_adjacent,peritoneumAdjacent,N/A,PeritoneumAdjacent,PeritoneumAdjacent1,,ColdDig_LiveSort,3' v3,E09,no,no,no,no,,
E09_EcPA2,GSM6102557_E09_EcPA2,Tan,E09,GSM6102557_E09_EcPA2,2,Fresh,Cells,Ectopic_Peritoneum,ectopic_peritoneum_adjacent,peritoneumAdjacent,N/A,PeritoneumAdjacent,PeritoneumAdjacent2,,ColdDig_LiveSort,3' v3,E09,no,no,no,no,,
E09_EuE,GSM6102560_E09_EuE,Tan,E09,GSM6102560_E09_EuE,2,Fresh,Cells,Superficial_Eutopic,eutopic_endometrium,N/A,N/A,Endo_Superficial,Superficial,,ColdDig_LiveSort,3' v3,E09,no,no,no,no,,
MRC_Endo8625698,MRC_Endo8625698_E1,Garcia_Alonso,E1,MRC_Endo8625698,100,Fresh,Cells,Superficial_Eutopic,eutopic_endometrium,N/A,N/A,Ctrl_Superficial,Superficial,None,Collagenase,3' v3.0,E1,no,no,no,no,,
MRC_Endo8625699,MRC_Endo8625699_E1,Garcia_Alonso,E1,MRC_Endo8625699,100,Fresh,Cells,Superficial_Eutopic,eutopic_endometrium,N/A,N/A,Ctrl_Superficial,Superficial,None,Trypsin,3' v3.0,E1,no,no,no,no,,
E10_EcO,GSM6102561_E10_EcO,Tan,E10,GSM6102561_E10_EcO,2,Fresh,Cells,Ectopic_Lesion,ectopic_ovarian_lesion,ovary,ovarian,Lesion_Ovarian,Lesion_Ovarian,,ColdDig_LiveSort,3' v3,E10,no,no,no,no,,
E11_EcO,GSM6102562_E11_EcO,Tan,E11,GSM6102562_E11_EcO,2,Fresh,Cells,Ectopic_Lesion,ectopic_ovarian_lesion,ovary,ovarian,Lesion_Ovarian,Lesion_Ovarian,,ColdDig_LiveSort,3' v3,E11,no,no,no,no,,
MRC_Endo8712024,MRC_Endo8712024_E2,Garcia_Alonso,E2,MRC_Endo8712024,100,Fresh,Cells,Superficial_Eutopic,eutopic_endometrium,N/A,N/A,Ctrl_Superficial,Superficial,None,Collagenase,3' v3.0,E2,no,no,no,no,,
MRC_Endo8712032,MRC_Endo8712032_E2,Garcia_Alonso,E2,MRC_Endo8712032,100,Fresh,Cells,Superficial_Eutopic,eutopic_endometrium,N/A,N/A,Ctrl_Superficial,Superficial,None,Trypsin,3' v3.0,E2,no,no,no,no,,
MRC_Endo8715415,MRC_Endo8715415_E3,Garcia_Alonso,E3,MRC_Endo8715415,100,Fresh,Cells,Superficial_Eutopic,eutopic_endometrium,N/A,N/A,Ctrl_Superficial,Superficial,None,Collagenase,3' v3.0,E3,no,no,no,no,,
MRC_Endo8715416,MRC_Endo8715416_E3,Garcia_Alonso,E3,MRC_Endo8715416,100,Fresh,Cells,Superficial_Eutopic,eutopic_endometrium,N/A,N/A,Ctrl_Superficial,Superficial,None,Trypsin,3' v3.0,E3,no,no,no,no,,
GSM6574509,GSM6574509_Fonseca_1,Fonseca,Fonseca_1,Sample1,0,Fresh,Cells,Ectopic_Lesion,ectopic_ovarian_lesion,ovarian cyst (L),ovarian,Lesion_Ovarian,Lesion_Ovarian,Ovary,,3',Fonseca_1,no,no,no,no,,
GSM6574531,GSM6574531_Fonseca_10,Fonseca,Fonseca_10,Sample27,0,Frozen,Cells,Ectopic_NoEndometriosis,ectopic_bladder_no_lesion,bladder,N/A,Ctrl_Bladder,Bladder,Bladder,,3',Fonseca_10,no,no,no,no,,
GSM6574529,GSM6574529_Fonseca_10,Fonseca,Fonseca_10,Sample25,0,Frozen,Cells,Ectopic_NoEndometriosis,ectopic_peritoneum_no_lesion,uterosacral ligament,N/A,Ctrl_Peritoneum,Ctrl_Peritoneum,Peritoneum,,3',Fonseca_10,no,no,no,no,,
GSM6574527,GSM6574527_Fonseca_10,Fonseca,Fonseca_10,Sample23,0,Frozen,Cells,Ectopic_Lesion,ectopic_peritoneal_lesion,peritoneum,deep,Lesion_Peritoneal,Deepinfiltrating,Peritoneum,,3',Fonseca_10,no,no,no,no,,
GSM6574530,GSM6574530_Fonseca_10,Fonseca,Fonseca_10,Sample26,0,Frozen,Cells,Ectopic_Lesion,ectopic_peritoneal_lesion,peritoneum,deep,Lesion_Peritoneal,Deepinfiltrating,Peritoneum,,3',Fonseca_10,no,no,no,no,,
GSM6574528,GSM6574528_Fonseca_10,Fonseca,Fonseca_10,Sample24,0,Frozen,Cells,Superficial_Eutopic,eutopic_endometrium,N/A,N/A,Endo_Superficial,Superficial,EN,,3',Fonseca_10,no,no,no,no,,
GSM6574532,GSM6574532_Fonseca_11,Fonseca,Fonseca_11,Sample28,0,Frozen,Cells,Ectopic_Lesion,ectopic_peritoneal_lesion,peritoneum,deep,Lesion_Peritoneal,Deepinfiltrating,Peritoneum,,3',Fonseca_11,no,no,no,no,,
GSM6574534,GSM6574534_Fonseca_11,Fonseca,Fonseca_11,Sample30,0,Frozen,Cells,Superficial_Eutopic,eutopic_endometrium,N/A,N/A,Endo_Superficial,Superficial,EN,,3',Fonseca_11,no,no,no,no,,
GSM6574533,GSM6574533_Fonseca_11,Fonseca,Fonseca_11,Sample29,0,Frozen,Cells,Ectopic_Lesion,ectopic_ovarian_lesion,ovary,ovarian,Lesion_Ovarian,Lesion_Ovarian,Ovary,,3',Fonseca_11,no,no,no,no,,
GSM6574535,GSM6574535_Fonseca_12,Fonseca,Fonseca_12,Sample31,0,Frozen,Cells,Superficial_Eutopic,eutopic_endometrium,N/A,N/A,OtherEndo_Superficial,Other_Endometrium,EN,,3',Fonseca_12,no,no,no,no,,
GSM6574536,GSM6574536_Fonseca_13,Fonseca,Fonseca_13,Sample32,0,Frozen,Cells,Superficial_Eutopic,eutopic_endometrium,N/A,N/A,Endo_Superficial,Superficial,EN,,3',Fonseca_13,no,no,no,no,,
GSM6574538,GSM6574538_Fonseca_14,Fonseca,Fonseca_14,Sample34,0,Frozen,Cells,Ovary,ovary_unaffected,ovary,N/A,Ovary_Superficial,Ctrl_Ovary,Ovary,,3',Fonseca_14,no,no,no,no,,
GSM6574539,GSM6574539_Fonseca_14,Fonseca,Fonseca_14,Sample35,0,Frozen,Cells,Superficial_Eutopic,eutopic_endometrium,N/A,N/A,Endo_Superficial,Superficial,EN,,3',Fonseca_14,no,no,no,no,,
GSM6574537,GSM6574537_Fonseca_14,Fonseca,Fonseca_14,Sample33,0,Frozen,Cells,Ectopic_Lesion,ectopic_peritoneal_lesion,peritoneum,superficial,Lesion_Peritoneal,Lesion_Peritoneal,Peritoneum,,3',Fonseca_14,no,no,no,no,,
GSM6574540,GSM6574540_Fonseca_15,Fonseca,Fonseca_15,Sample36,0,Frozen,Cells,Ovary,ovary_unaffected,ovary,N/A,Ovary_Superficial,Ctrl_Ovary,Ovary,,3',Fonseca_15,no,no,no,no,,
GSM6574542,GSM6574542_Fonseca_16,Fonseca,Fonseca_16,Sample38,0,Frozen,Cells,Superficial_Eutopic,eutopic_endometrium,N/A,N/A,Endo_Superficial,Superficial,EN,,3',Fonseca_16,no,no,no,no,,
GSM6574541,GSM6574541_Fonseca_16,Fonseca,Fonseca_16,Sample37,0,Frozen,Cells,Ectopic_Lesion,ectopic_peritoneal_lesion,peritoneum,superficial,Lesion_Peritoneal,Lesion_Peritoneal,Peritoneum,,3',Fonseca_16,no,no,no,no,,
GSM6574543,GSM6574543_Fonseca_17,Fonseca,Fonseca_17,Sample39,0,Frozen,Cells,Superficial_Eutopic,eutopic_endometrium,N/A,N/A,Endo_Superficial,Superficial,EN,,3',Fonseca_17,no,no,no,no,,
GSM6574545,GSM6574545_Fonseca_18,Fonseca,Fonseca_18,Sample41,0,Frozen,Cells,Ovary,ovary_unaffected,ovary,N/A,Ovary_Superficial,Ctrl_Ovary,Ovary,,3',Fonseca_18,no,no,no,no,,
GSM6574544,GSM6574544_Fonseca_18,Fonseca,Fonseca_18,Sample40,0,Frozen,Cells,Superficial_Eutopic,eutopic_endometrium,N/A,N/A,Endo_Superficial,Superficial,EN,,3',Fonseca_18,no,no,no,no,,
GSM6574547,GSM6574547_Fonseca_19,Fonseca,Fonseca_19,Sample43,0,Frozen,Cells,Ectopic_Lesion,ectopic_ovarian_lesion,ovary,deep,Lesion_Ovarian,Deepinfiltrating,Peritoneum,,3',Fonseca_19,no,no,no,no,,
GSM6574546,GSM6574546_Fonseca_19,Fonseca,Fonseca_19,Sample42,0,Frozen,Cells,Ectopic_Lesion,ectopic_ovarian_lesion,ovary,ovarian,Lesion_Ovarian,Lesion_Ovarian,Ovary,,3',Fonseca_19,no,no,no,no,,
GSM6634272,GSM6634272_Fonseca_2,Fonseca,Fonseca_2,Sample2,0,Fresh,Cells,Ectopic_Lesion,ectopic_ovarian_lesion,ovary,ovarian,Lesion_Ovarian,Lesion_Ovarian,Ovary,,3',Fonseca_2,no,no,no,no,,
GSM6634273,GSM6634273_Fonseca_2,Fonseca,Fonseca_2,Sample3,0,Fresh,Cells,Ectopic_Lesion,ectopic_ovarian_lesion,ovary,ovarian,Lesion_Ovarian,Lesion_Ovarian,Ovary,,3',Fonseca_2,no,no,no,no,,
GSM6574548,GSM6574548_Fonseca_20,Fonseca,Fonseca_20,Sample44,0,Frozen,Cells,Ectopic_Lesion,ectopic_peritoneal_lesion,peritoneum,deep,Lesion_Peritoneal,Deepinfiltrating,Peritoneum,,3',Fonseca_20,no,no,no,no,,
GSM6574550,GSM6574550_Fonseca_21,Fonseca,Fonseca_21,Sample46,0,Frozen,Cells,Ectopic_Lesion,ectopic_ovarian_lesion,ovary,deep,Lesion_Ovarian,Deepinfiltrating,Peritoneum,,3',Fonseca_21,no,no,no,no,,
GSM6574551,GSM6574551_Fonseca_21,Fonseca,Fonseca_21,Sample47,0,Frozen,Cells,Ectopic_Lesion,ectopic_peritoneal_lesion,peritoneum,deep,Lesion_Peritoneal,Deepinfiltrating,Peritoneum,,3',Fonseca_21,no,no,no,no,,
GSM6574552,GSM6574552_Fonseca_21,Fonseca,Fonseca_21,Sample48,0,Frozen,Cells,Ectopic_Lesion,ectopic_peritoneal_lesion,peritoneum,superficial,Lesion_Peritoneal,Lesion_Peritoneal,Peritoneum,,3',Fonseca_21,no,no,no,no,,
GSM6574553,GSM6574553_Fonseca_21,Fonseca,Fonseca_21,Sample49,0,Frozen,Cells,Ectopic_Lesion,ectopic_peritoneal_lesion,peritoneum,superficial,Lesion_Peritoneal,Lesion_Peritoneal,,,3',Fonseca_21,no,no,no,no,,
GSM6574549,GSM6574549_Fonseca_21,Fonseca,Fonseca_21,Sample45,0,Frozen,Cells,Ectopic_Lesion,ectopic_peritoneal_lesion,rectum,superficial,Lesion_rectum,Lesion_rectum,Peritoneum,,3',Fonseca_21,no,no,no,no,,
GSM6634274,GSM6634274_Fonseca_3,Fonseca,Fonseca_3,Sample4,0,Fresh,Cells,Superficial_Eutopic,eutopic_endometrium,N/A,N/A,OtherEndo_Superficial,Other_Endometrium,EN,,3',Fonseca_3,no,no,no,no,,
GSM6574510,GSM6574510_Fonseca_4,Fonseca,Fonseca_4,Sample5,0,Fresh,Cells,Ectopic_Lesion,ectopic_peritoneal_lesion,peritoneum,superficial,Lesion_Peritoneal,Lesion_Peritoneal,Peritoneum,,3',Fonseca_4,no,no,no,no,,
GSM6690474,GSM6690474_Fonseca_4,Fonseca,Fonseca_4,Sample6,0,Fresh,Cells,Ectopic_Lesion,ectopic_peritoneal_lesion,peritoneum,superficial,Lesion_Peritoneal,Lesion_Peritoneal,Peritoneum,,3',Fonseca_4,no,no,no,no,,
GSM6690474,GSM6690474_Fonseca_4,Fonseca,Fonseca_4,Sample6,0,Fresh,Cells,Ectopic_Lesion,ectopic_peritoneal_lesion,peritoneum,superficial,Lesion_Peritoneal,Lesion_Peritoneal,,,3',Fonseca_4,no,no,no,no,,
GSM6574511,GSM6574511_Fonseca_5,Fonseca,Fonseca_5,Sample7,0,Fresh,Cells,Ectopic_Lesion,ectopic_peritoneal_lesion,peritoneum,superficial,Lesion_Peritoneal,Lesion_Peritoneal,Peritoneum,,3',Fonseca_5,no,no,no,no,,
GSM6574513,GSM6574513_Fonseca_6,Fonseca,Fonseca_6,Sample9,0,Fresh,Cells,Ovary,ovary_unaffected,ovary,N/A,Ovary_Superficial,Ctrl_Ovary,Ovary,,3',Fonseca_6,no,no,no,no,,
GSM6574512,GSM6574512_Fonseca_6,Fonseca,Fonseca_6,Sample8,0,Fresh,Cells,Superficial_Eutopic,eutopic_endometrium,N/A,N/A,Endo_Superficial,Other_Endometrium,EN,,3',Fonseca_6,no,no,no,no,,
GSM6574515,GSM6574515_Fonseca_7,Fonseca,Fonseca_7,Sample11,0,Fresh,Cells,Ectopic_Lesion,ectopic_peritoneal_lesion,peritoneum,deep,Lesion_Peritoneal,Deepinfiltrating,Peritoneum,,3',Fonseca_7,no,no,no,no,,
GSM6574517,GSM6574517_Fonseca_7,Fonseca,Fonseca_7,Sample13,0,Fresh,Cells,Ectopic_Lesion,ectopic_peritoneal_lesion,peritoneum,deep,Lesion_Peritoneal,Deepinfiltrating,Peritoneum,,3',Fonseca_7,no,no,no,no,,
GSM6574516,GSM6574516_Fonseca_7,Fonseca,Fonseca_7,Sample12,0,Fresh,Cells,Ectopic_Lesion,ectopic_ovarian_lesion,ovary,ovarian,Lesion_Ovarian,Lesion_Ovarian,Ovary,,3',Fonseca_7,no,no,no,no,,
GSM6574514,GSM6574514_Fonseca_7,Fonseca,Fonseca_7,Sample10,0,Fresh,Cells,Ectopic_Lesion,ectopic_peritoneal_lesion,peritoneum,superficial,Lesion_Peritoneal,Lesion_Peritoneal,Peritoneum,,3',Fonseca_7,no,no,no,no,,
GSM6574521,GSM6574521_Fonseca_8,Fonseca,Fonseca_8,Sample17,0,Fresh,Cells,Ectopic_NoEndometriosis,ectopic_peritoneum_no_lesion,rectal serosa,N/A,Colon_Superficial,Ctrl_Colon,Colon,,3',Fonseca_8,no,no,no,no,,
GSM6574518,GSM6574518_Fonseca_8,Fonseca,Fonseca_8,Sample14,0,Fresh,Cells,Ectopic_NoEndometriosis,ectopic_peritoneum_no_lesion,anterior cul de sac & pelvic side wall,N/A,Ctrl_peritoneum,Ctrl_Peritoneum,Peritoneum,,3',Fonseca_8,no,no,no,no,,
GSM6574520,GSM6574520_Fonseca_8,Fonseca,Fonseca_8,Sample16,0,Fresh,Cells,Ectopic_Lesion,ectopic_peritoneal_lesion,peritoneum,deep,Lesion_Peritoneal,Deepinfiltrating,Peritoneum,,3',Fonseca_8,no,no,no,no,,
GSM6574519,GSM6574519_Fonseca_8,Fonseca,Fonseca_8,Sample15,0,Fresh,Cells,Ectopic_Lesion,ectopic_ovarian_lesion,ovary,ovarian,Lesion_Ovarian,Lesion_Ovarian,Ovary,,3',Fonseca_8,no,no,no,no,,
GSM6574524,GSM6574524_Fonseca_9,Fonseca,Fonseca_9,Sample20,0,Fresh,Cells,Ectopic_Lesion,ectopic_peritoneal_lesion,peritoneum,deep,Lesion_Peritoneal,Deepinfiltrating,Peritoneum,,3',Fonseca_9,no,no,no,no,,
GSM6574527,GSM6574527_Fonseca_9,Fonseca,Fonseca_9,Sample23,0,Fresh,Cells,Ectopic_Lesion,ectopic_peritoneal_lesion,peritoneum,deep,Lesion_Peritoneal,Deepinfiltrating,Peritoneum,,3',Fonseca_9,no,no,no,no,,
GSM6574525,GSM6574525_Fonseca_9,Fonseca,Fonseca_9,Sample21,0,Fresh,Cells,Ectopic_Lesion,ectopic_ovarian_lesion,ovary,ovarian,Lesion_Ovarian,Lesion_Ovarian,Ovary,,3',Fonseca_9,no,no,no,no,,
GSM6574522,GSM6574522_Fonseca_9,Fonseca,Fonseca_9,Sample18,0,Fresh,Cells,Ectopic_Lesion,ectopic_peritoneal_lesion,peritoneum,superficial,Lesion_Peritoneal,Lesion_Peritoneal,Peritoneum,,3',Fonseca_9,no,no,no,no,,
GSM6574523,GSM6574523_Fonseca_9,Fonseca,Fonseca_9,Sample19,0,Fresh,Cells,Ectopic_Lesion,ectopic_peritoneal_lesion,peritoneum,superficial,Lesion_Peritoneal,Lesion_Peritoneal,Peritoneum,,3',Fonseca_9,no,no,no,no,,
GSM6574526,GSM6574526_Fonseca_9,Fonseca,Fonseca_9,Sample22,0,Fresh,Cells,Ectopic_Lesion,ectopic_peritoneal_lesion,peritoneum,superficial,Lesion_Peritoneal,Lesion_Peritoneal,Peritoneum,,3',Fonseca_9,no,no,no,no,,
UA_Endo12821482,UA_Endo12821482_FX0024,Marecckovaa,FX0024,UA_Endo12821482,44831,Frozen,Nuclei,Superficial_Eutopic,eutopic_endometrium,N/A,N/A,Endo_Superficial,Superficial,None,None,3' v3.0,FX0024,no,no,no,no,,
UA_Endo12821485,UA_Endo12821485_FX0065,Marecckovaa,FX0065,UA_Endo12821485,44831,Frozen,Nuclei,Superficial_Eutopic,eutopic_endometrium,N/A,N/A,Endo_Superficial,Superficial,None,None,3' v3.0,FX0065,no,no,no,no,,
UA_Endo12821483,UA_Endo12821483_FX1080,Marecckovaa,FX1080,UA_Endo12821483,44831,Frozen,Nuclei,Superficial_Eutopic,eutopic_endometrium,N/A,N/A,Endo_Superficial,Superficial,None,None,3' v3.0,FX1080,no,no,no,no,,
UA_Endo10281923,UA_Endo10281923_FX1101,Marecckovaa,FX1101,UA_Endo10281923,20,Frozen,Nuclei,Superficial_Eutopic,eutopic_endometrium,N/A,N/A,Endo_Superficial,Superficial,FT,Percoll,3' v3.1,FX1101,no,no,no,yes,outlier,clogged reaction
UA_Endo10281924,UA_Endo10281924_FX1101,Marecckovaa,FX1101,UA_Endo10281924,20,Frozen,Nuclei,Superficial_Eutopic,eutopic_endometrium,N/A,N/A,Endo_Superficial,Superficial,FT,Buffer A/B,3' v3.1,FX1101,no,no,no,yes,redundant,mostly MUC5B
UA_Endo10281925,UA_Endo10281925_FX1101,Marecckovaa,FX1101,UA_Endo10281925,20,Frozen,Nuclei,Superficial_Eutopic,eutopic_endometrium,N/A,N/A,Endo_Superficial,Superficial,FT,Percoll,3' v3.1,FX1101,no,no,no,no,,
UA_Endo10281926,UA_Endo10281926_FX1101,Marecckovaa,FX1101,UA_Endo10281926,20,Frozen,Nuclei,Superficial_Eutopic,eutopic_endometrium,N/A,N/A,Endo_Superficial,Superficial,FT,Percoll,3' v3.1,FX1101,no,no,no,no,,
UA_Endo10281927,UA_Endo10281927_FX1101,Marecckovaa,FX1101,UA_Endo10281927,20,Frozen,Nuclei,Superficial_Eutopic,eutopic_endometrium,N/A,N/A,Endo_Superficial,Superficial,FT,FACS,3' v3.1,FX1101,no,no,no,yes,redundant,
UA_Endo9426399,UA_Endo9426399_FX1146,Marecckovaa,FX1146,Endometriosis1_FT,15,Frozen,Cells,Superficial_Eutopic,eutopic_endometrium,N/A,N/A,Ctrl_Superficial,Superficial,None,Collagenase,3' v3.1,FX1146,no,no,no,no,,
UA_Endo9426400,UA_Endo9426400_FX1146,Marecckovaa,FX1146,Endometriosis1_GF,15,Frozen,Cells,Superficial_Eutopic,eutopic_endometrium,N/A,N/A,Ctrl_Superficial,Superficial,None,Trypsin,3' v3.1,FX1146,no,no,no,no,,
UA_Endo12821486,UA_Endo12821486_FX1174,Marecckovaa,FX1174,UA_Endo12821486,44831,Frozen,Nuclei,Superficial_Eutopic,eutopic_endometrium,N/A,N/A,Endo_Superficial,Superficial,None,None,3' v3.0,FX1174,no,no,no,yes,,noisy and few genes detected
UA_Endo12821487,UA_Endo12821487_FX1191,Marecckovaa,FX1191,UA_Endo12821487,44831,Frozen,Nuclei,Superficial_Eutopic,eutopic_endometrium,N/A,N/A,Endo_Superficial,Superficial,None,None,3' v3.0,FX1191,no,no,no,no,,
UA_Endo11596521,UA_Endo11596521_FX1236,Marecckovaa,FX1236,UA_Endo11596521,43281,Frozen,Nuclei,Superficial_Eutopic,eutopic_endometrium,N/A,N/A,Endo_Superficial,Superficial,None,None,3' v3.0,FX1236,no,no,no,no,,
UA_Endo10768582,UA_Endo10768582_FX1253,Marecckovaa,FX1253,Endometriosis3_LESION,100,Frozen,Cells,Ectopic_Lesion,ectopic_ovarian_lesion,ovary,ovarian,Lesion_Ovarian,Lesion_Ovarian,None,Coll.+Trypsin,3' v3.1,FX1253,no,no,no,no,,
UA_Endo10768581,UA_Endo10768581_FX1253,Marecckovaa,FX1253,Endometriosis3_WALL,100,Frozen,Cells,Ectopic_Lesion,ectopic_peritoneal_lesion,peritoneum,superficial,Lesion_Peritoneal,Lesion_Peritoneal,None,Coll.+Trypsin,3' v3.1,FX1253,no,no,no,no,,
UA_Endo12680032,UA_Endo12680032_FX1259,Marecckovaa,FX1259,Endometriosis6_FT,44568,Frozen,Cells,Superficial_Eutopic,eutopic_endometrium,N/A,N/A,Endo_Superficial,Superficial,None,Trypsin,3' v3.1,FX1259,no,no,no,no,,
UA_Endo12821484,UA_Endo12821484_FX9010,Marecckovaa,FX9010,UA_Endo12821484,44831,Frozen,Nuclei,Superficial_Eutopic,eutopic_endometrium,N/A,N/A,Ctrl_Superficial,Superficial,None,None,3' v3.0,FX9010,no,no,no,no,,mostly MUC5B
UA_Endo12604668,UA_Endo12604668_FX9016,Marecckovaa,FX9016,UA_Endo12604668,44595,Frozen,Nuclei,Superficial_Eutopic,eutopic_endometrium,N/A,N/A,Ctrl_Superficial,Superficial,None,None,3' v3.0,FX9016,no,no,no,no,,mostly MUC5B
UA_Endo12821488,UA_Endo12821488_FX9018,Marecckovaa,FX9018,UA_Endo12821488,44831,Frozen,Nuclei,Superficial_Eutopic,eutopic_endometrium,N/A,N/A,Ctrl_Superficial,Superficial,None,None,3' v3.0,FX9018,no,no,no,no,,
GSM5572238_Ctrl-1,GSM5572238_Ctrl-1_GSM5572238,Lai,GSM5572238,GSM5572238_Ctrl-1,0,Fresh,Cells,Superficial_Eutopic,eutopic_endometrium,N/A,N/A,Ctrl_Superficial,Control_Endometrium,None,Unknown,,,no,no,no,no,,
GSM5572239_Ctrl-2,GSM5572239_Ctrl-2_GSM5572239,Lai,GSM5572239,GSM5572239_Ctrl-2,0,Fresh,Cells,Superficial_Eutopic,eutopic_endometrium,N/A,N/A,Ctrl_Superficial,Control_Endometrium,None,Unknown,,,no,no,no,no,,
GSM5572240_Ctrl-3,GSM5572240_Ctrl-3_GSM5572240,Lai,GSM5572240,GSM5572240_Ctrl-3,0,Fresh,Cells,Superficial_Eutopic,eutopic_endometrium,N/A,N/A,Ctrl_Superficial,Control_Endometrium,None,Unknown,,,no,no,no,no,,
GSM5572241_RIF-1,GSM5572241_RIF-1_GSM5572241,Lai,GSM5572241,GSM5572241_RIF-1,0,Fresh,Cells,Superficial_Eutopic,eutopic_endometrium,N/A,N/A,RIF_Superficial,RIF_Endometrium,None,Unknown,,,no,no,no,no,,
GSM5572242_RIF-2,GSM5572242_RIF-2_GSM5572242,Lai,GSM5572242,GSM5572242_RIF-2,0,Fresh,Cells,Superficial_Eutopic,eutopic_endometrium,N/A,N/A,RIF_Superficial,RIF_Endometrium,None,Unknown,,,no,no,no,no,,
GSM5572243_RIF-3,GSM5572243_RIF-3_GSM5572243,Lai,GSM5572243,GSM5572243_RIF-3,0,Fresh,Cells,Superficial_Eutopic,eutopic_endometrium,N/A,N/A,RIF_Superficial,RIF_Endometrium,None,Unknown,,,no,no,no,no,,
GSM5572244_RIF-4,GSM5572244_RIF-4_GSM5572244,Lai,GSM5572244,GSM5572244_RIF-4,0,Fresh,Cells,Superficial_Eutopic,eutopic_endometrium,N/A,N/A,RIF_Superficial,RIF_Endometrium,None,Unknown,,,no,no,no,no,,
GSM5572245_RIF-5,GSM5572245_RIF-5_GSM5572245,Lai,GSM5572245,GSM5572245_RIF-5,0,Fresh,Cells,Superficial_Eutopic,eutopic_endometrium,N/A,N/A,RIF_Superficial,RIF_Endometrium,None,Unknown,,,no,no,no,no,,
GSM5572246_RIF-6,GSM5572246_RIF-6_GSM5572246,Lai,GSM5572246,GSM5572246_RIF-6,0,Fresh,Cells,Superficial_Eutopic,eutopic_endometrium,N/A,N/A,RIF_Superficial,RIF_Endometrium,None,Unknown,,,no,no,no,no,,
FRZFRESH_GX25,FRZFRESH_GX25_ES345,Marecckovaa,GX25_ES345,endometriosis0_FT_FR,14,Fresh,Cells,Superficial_Eutopic,eutopic_endometrium,N/A,N/A,Ctrl_Superficial,Superficial,None,Collagenase,3' v3.1,ES345,no,no,no,no,,
FRZFRESH_GX26,FRZFRESH_GX26_ES345,Marecckovaa,GX26_ES345,endometriosis0_GF_FR,14,Fresh,Cells,Superficial_Eutopic,eutopic_endometrium,N/A,N/A,Ctrl_Superficial,Superficial,None,Trypsin,3' v3.1,ES345,no,no,no,no,,
FRZFRESH_GX27,FRZFRESH_GX27_ES345,Marecckovaa,GX27_ES345,endometriosis0_FT_FZ,14,Frozen,Cells,Superficial_Eutopic,eutopic_endometrium,N/A,N/A,Ctrl_Superficial,Superficial,None,Collagenase,3' v3.1,ES345,no,no,no,no,,
FRZFRESH_GX28,FRZFRESH_GX28_ES345,Marecckovaa,GX28_ES345,endometriosis0_GF_FZ,14,Frozen,Cells,Superficial_Eutopic,eutopic_endometrium,N/A,N/A,Ctrl_Superficial,Superficial,None,Trypsin,3' v3.1,ES345,no,no,no,no,,
UA_HUTER_sc10298018,UA_HUTER_sc10298018_INC04,Incliva,INC04,DONNOR-04-AST,39710,Fresh,Cells,Whole_Uterus,,Anterior,N/A,Ctrl_whole_uterus,Organ_Donor,Anterior,Collagenase,3' v3.1,INC04,no,no,no,no,,
UA_HUTER_sc10298019,UA_HUTER_sc10298019_INC04,Incliva,INC04,DONNOR-04-PST,39710,Fresh,Cells,Whole_Uterus,,Posterior,N/A,Ctrl_whole_uterus,Organ_Donor,Posterior,Collagenase,3' v3.1,INC04,no,no,no,no,,
UA_HUTER_sc10298020,UA_HUTER_sc10298020_INC07,Incliva,INC07,DONNOR-07-AEP,39710,Fresh,Cells,Whole_Uterus,,Anterior,N/A,Ctrl_whole_uterus,Organ_Donor,Anterior,Trypsin,3' v3.1,INC07,no,no,no,no,,
UA_HUTER_sc10298021,UA_HUTER_sc10298021_INC07,Incliva,INC07,DONNOR-07-AST,39710,Fresh,Cells,Whole_Uterus,,Anterior,N/A,Ctrl_whole_uterus,Organ_Donor,Anterior,Collagenase,3' v3.1,INC07,no,no,no,no,,
UA_HUTER_sc10298022,UA_HUTER_sc10298022_INC07,Incliva,INC07,DONNOR-07-PEP,39710,Fresh,Cells,Whole_Uterus,,Posterior,N/A,Ctrl_whole_uterus,Organ_Donor,Posterior,Trypsin,3' v3.1,INC07,no,no,no,no,,
UA_HUTER_sc10298023,UA_HUTER_sc10298023_INC07,Incliva,INC07,DONNOR-07-PST,39710,Fresh,Cells,Whole_Uterus,,Posterior,N/A,Ctrl_whole_uterus,Organ_Donor,Posterior,Collagenase,3' v3.1,INC07,no,no,no,no,,
UA_HUTER_sc10298024,UA_HUTER_sc10298024_INC08,Incliva,INC08,DONNOR-08-AEP,39710,Fresh,Cells,Whole_Uterus,,Anterior,N/A,Ctrl_whole_uterus,Organ_Donor,Anterior,Trypsin,3' v3.1,INC08,no,no,no,no,,
UA_HUTER_sc10298025,UA_HUTER_sc10298025_INC08,Incliva,INC08,DONNOR-08-AST,39710,Fresh,Cells,Whole_Uterus,,Anterior,N/A,Ctrl_whole_uterus,Organ_Donor,Anterior,Collagenase,3' v3.1,INC08,no,no,no,no,,
UA_HUTER_sc10298026,UA_HUTER_sc10298026_INC08,Incliva,INC08,DONNOR-08-PST,39710,Fresh,Cells,Whole_Uterus,,Posterior,N/A,Ctrl_whole_uterus,Organ_Donor,Posterior,Collagenase,3' v3.1,INC08,no,no,no,no,,
UA_HUTER_sc10298027,UA_HUTER_sc10298027_INC14,Incliva,INC14,DONNOR-14-AEP,39710,Fresh,Cells,Whole_Uterus,,Anterior,N/A,Ctrl_whole_uterus,Organ_Donor,Anterior,Trypsin,3' v3.1,INC14,no,no,no,no,,
UA_HUTER_sc10298028,UA_HUTER_sc10298028_INC14,Incliva,INC14,DONNOR-14-AST,39710,Fresh,Cells,Whole_Uterus,,Anterior,N/A,Ctrl_whole_uterus,Organ_Donor,Anterior,Collagenase,3' v3.1,INC14,no,no,no,no,,
UA_HUTER_sc10298029,UA_HUTER_sc10298029_INC14,Incliva,INC14,DONNOR-14-PEP,39710,Fresh,Cells,Whole_Uterus,,Posterior,N/A,Ctrl_whole_uterus,Organ_Donor,Posterior,Trypsin,3' v3.1,INC14,no,no,no,no,,
UA_HUTER_sc10298030,UA_HUTER_sc10298030_INC14,Incliva,INC14,DONNOR-14-PST,39710,Fresh,Cells,Whole_Uterus,,Posterior,N/A,Ctrl_whole_uterus,Organ_Donor,Posterior,Collagenase,3' v3.1,INC14,no,no,no,no,,
UA_HUTER_sc10638776,UA_HUTER_sc10638776_INC34,Incliva,INC34,DONNOR-34-AEP,40057,Fresh,Cells,Whole_Uterus,,Anterior,N/A,Ctrl_whole_uterus,Organ_Donor,Anterior,Trypsin,3' v3.1,INC34,no,no,no,no,,
UA_HUTER_sc10638777,UA_HUTER_sc10638777_INC34,Incliva,INC34,DONNOR-34-PEP,40057,Fresh,Cells,Whole_Uterus,,Posterior,N/A,Ctrl_whole_uterus,Organ_Donor,Posterior,Trypsin,3' v3.1,INC34,no,no,no,no,,
UA_HUTER_sc10638778,UA_HUTER_sc10638778_INC34,Incliva,INC34,DONNOR-34-PST,40057,Fresh,Cells,Whole_Uterus,,Posterior,N/A,Ctrl_whole_uterus,Organ_Donor,Posterior,Collagenase,3' v3.1,INC34,no,no,no,no,,
UA_HUTER_sc10638779,UA_HUTER_sc10638779_INC35,Incliva,INC35,DONNOR-35-PEP,40057,Fresh,Cells,Whole_Uterus,,Posterior,N/A,Ctrl_whole_uterus,Organ_Donor,Posterior,Trypsin,3' v3.1,INC35,no,no,no,no,,
UA_HUTER_sc10638780,UA_HUTER_sc10638780_INC35,Incliva,INC35,DONNOR-35-PST,40057,Fresh,Cells,Whole_Uterus,,Posterior,N/A,Ctrl_whole_uterus,Organ_Donor,Posterior,Collagenase,3' v3.1,INC35,no,no,no,no,,
UA_HUTER_sc11485585,UA_HUTER_sc11485585_INC45,Incliva,INC45,DONNOR-45-AEP,42668,Fresh,Cells,Whole_Uterus,,Anterior,N/A,Ctrl_whole_uterus,Organ_Donor,Anterior,Trypsin,3' v3.1,INC45,no,no,no,no,,
UA_HUTER_sc11485586,UA_HUTER_sc11485586_INC45,Incliva,INC45,DONNOR-45-AST,42668,Fresh,Cells,Whole_Uterus,,Anterior,N/A,Ctrl_whole_uterus,Organ_Donor,Anterior,Collagenase,3' v3.1,INC45,no,no,no,no,,
UA_HUTER_sc11485587,UA_HUTER_sc11485587_INC45,Incliva,INC45,DONNOR-45-PEP,42668,Fresh,Cells,Whole_Uterus,,Posterior,N/A,Ctrl_whole_uterus,Organ_Donor,Posterior,Trypsin,3' v3.1,INC45,no,no,no,no,,
UA_HUTER_sc11485588,UA_HUTER_sc11485588_INC45,Incliva,INC45,DONNOR-45-PST,42668,Fresh,Cells,Whole_Uterus,,Posterior,N/A,Ctrl_whole_uterus,Organ_Donor,Posterior,Collagenase,3' v3.1,INC45,no,no,no,no,,
UA_HUTER_sc11485589,UA_HUTER_sc11485589_INC47,Incliva,INC47,DONNOR-47-AEP,42668,Fresh,Cells,Whole_Uterus,,Anterior,N/A,Ctrl_whole_uterus,Organ_Donor,Anterior,Trypsin,3' v3.1,INC47,no,no,no,no,,
UA_HUTER_sc11485590,UA_HUTER_sc11485590_INC47,Incliva,INC47,DONNOR-47-AST,42668,Fresh,Cells,Whole_Uterus,,Anterior,N/A,Ctrl_whole_uterus,Organ_Donor,Anterior,Collagenase,3' v3.1,INC47,no,no,no,no,,
UA_HUTER_sc11485591,UA_HUTER_sc11485591_INC47,Incliva,INC47,DONNOR-47-PEP,42668,Fresh,Cells,Whole_Uterus,,Posterior,N/A,Ctrl_whole_uterus,Organ_Donor,Posterior,Trypsin,3' v3.1,INC47,no,no,no,no,,
UA_HUTER_sc11485592,UA_HUTER_sc11485592_INC48,Incliva,INC48,DONNOR-48-AEP,42668,Fresh,Cells,Whole_Uterus,,Anterior,N/A,Ctrl_whole_uterus,Organ_Donor,Anterior,Trypsin,3' v3.1,INC48,no,no,no,no,,
UA_HUTER_sc11485593,UA_HUTER_sc11485593_INC48,Incliva,INC48,DONNOR-48-AST,42668,Fresh,Cells,Whole_Uterus,,Anterior,N/A,Ctrl_whole_uterus,Organ_Donor,Anterior,Collagenase,3' v3.1,INC48,no,no,no,no,,
UA_HUTER_sc11485594,UA_HUTER_sc11485594_INC48,Incliva,INC48,DONNOR-48-PEP,42668,Fresh,Cells,Whole_Uterus,,Posterior,N/A,Ctrl_whole_uterus,Organ_Donor,Posterior,Trypsin,3' v3.1,INC48,no,no,no,no,,
UA_HUTER_sc12156353,UA_HUTER_sc12156353_INC51,Incliva,INC51,DONNOR-51-AEP,43642,Fresh,Cells,Whole_Uterus,,Anterior,N/A,Ctrl_whole_uterus,Organ_Donor,Anterior,Trypsin,3' v3.1,INC51,no,no,no,no,,
UA_HUTER_sc12156354,UA_HUTER_sc12156354_INC51,Incliva,INC51,DONNOR-51-PST,43642,Fresh,Cells,Whole_Uterus,,Posterior,N/A,Ctrl_whole_uterus,Organ_Donor,Posterior,Collagenase,3' v3.1,INC51,no,no,no,no,,
UA_HUTER_sc12156355,UA_HUTER_sc12156355_INC52,Incliva,INC52,DONNOR-52-A,43642,Fresh,Cells,Whole_Uterus,,Anterior,N/A,Ctrl_whole_uterus,Organ_Donor,Anterior,Coll.+Trypsin,3' v3.1,INC52,no,no,no,no,,
UA_HUTER_sc12156356,UA_HUTER_sc12156356_INC52,Incliva,INC52,DONNOR-52-P,43642,Fresh,Cells,Whole_Uterus,,Posterior,N/A,Ctrl_whole_uterus,Organ_Donor,Posterior,Coll.+Trypsin,3' v3.1,INC52,no,no,no,no,,
UA_HUTER_sc12156357,UA_HUTER_sc12156357_INC53,Incliva,INC53,DONNOR-53-A,43642,Fresh,Cells,Whole_Uterus,,Anterior,N/A,Ctrl_whole_uterus,Organ_Donor,Anterior,Coll.+Trypsin,3' v3.1,INC53,no,no,no,no,,
UA_HUTER_sc12156358,UA_HUTER_sc12156358_INC53,Incliva,INC53,DONNOR-53-P,43642,Fresh,Cells,Whole_Uterus,,Posterior,N/A,Ctrl_whole_uterus,Organ_Donor,Posterior,Coll.+Trypsin,3' v3.1,INC53,no,no,no,no,,
UA_HUTER_sc12156359,UA_HUTER_sc12156359_INC54,Incliva,INC54,DONNOR-54-A,43642,Fresh,Cells,Whole_Uterus,,Anterior,N/A,Ctrl_whole_uterus,Organ_Donor,Anterior,Coll.+Trypsin,3' v3.1,INC54,no,no,no,no,,
UA_HUTER_sc12156360,UA_HUTER_sc12156360_INC54,Incliva,INC54,DONNOR-54-P,43642,Fresh,Cells,Whole_Uterus,,Posterior,N/A,Ctrl_whole_uterus,Organ_Donor,Posterior,Coll.+Trypsin,3' v3.1,INC54,no,no,no,no,,
UA_HUTER_sc12156361,UA_HUTER_sc12156361_INC55,Incliva,INC55,DONNOR-55-A,43642,Fresh,Cells,Whole_Uterus,,Anterior,N/A,Ctrl_whole_uterus,Organ_Donor,Anterior,Coll.+Trypsin,3' v3.1,INC55,no,no,no,no,,
UA_HUTER_sc12156362,UA_HUTER_sc12156362_INC55,Incliva,INC55,DONNOR-55-P,43642,Fresh,Cells,Whole_Uterus,,Posterior,N/A,Ctrl_whole_uterus,Organ_Donor,Posterior,Coll.+Trypsin,3' v3.1,INC55,no,no,no,no,,
UA_HUTER_sc12156363,UA_HUTER_sc12156363_INC56,Incliva,INC56,DONNOR-56-A,43642,Fresh,Cells,Whole_Uterus,,Anterior,N/A,Ctrl_whole_uterus,Organ_Donor,Anterior,Coll.+Trypsin,3' v3.1,INC56,no,no,no,no,,
UA_HUTER_sc12156364,UA_HUTER_sc12156364_INC56,Incliva,INC56,DONNOR-56-P,43642,Fresh,Cells,Whole_Uterus,,Posterior,N/A,Ctrl_whole_uterus,Organ_Donor,Posterior,Coll.+Trypsin,3' v3.1,INC56,no,no,no,no,,
UA_HUTER_sc12156365,UA_HUTER_sc12156365_INC57,Incliva,INC57,DONNOR-57-A,43642,Fresh,Cells,Whole_Uterus,,Anterior,N/A,Ctrl_whole_uterus,Organ_Donor,Anterior,Coll.+Trypsin,3' v3.1,INC57,no,no,no,no,,
UA_HUTER_sc12156366,UA_HUTER_sc12156366_INC57,Incliva,INC57,DONNOR-57-P,43642,Fresh,Cells,Whole_Uterus,,Posterior,N/A,Ctrl_whole_uterus,Organ_Donor,Posterior,Coll.+Trypsin,3' v3.1,INC57,no,no,no,no,,
UA_HUTER_sc12826611,UA_HUTER_sc12826611_INC66,Incliva,INC66,DONNOR-66-Z1,44884,Fresh,Cells,Whole_Uterus,,Zslice1,N/A,Ctrl_whole_uterus,Organ_Donor,Zslice1,Coll.+Trypsin,3' v3.1,INC66,no,no,no,no,,
UA_HUTER_sc12826612,UA_HUTER_sc12826612_INC66,Incliva,INC66,DONNOR-66-Z2,44884,Fresh,Cells,Whole_Uterus,,Zscice2,N/A,Ctrl_whole_uterus,Organ_Donor,Zscice2,Coll.+Trypsin,3' v3.1,INC66,no,no,no,no,,
UA_HUTER_sc12826613,UA_HUTER_sc12826613_INC71,Incliva,INC71,DONNOR-71-A,44884,Fresh,Cells,Whole_Uterus,,Anterior,N/A,Ctrl_whole_uterus,Organ_Donor,Anterior,Coll.+Trypsin,3' v3.1,INC71,no,no,no,no,,
UA_HUTER_sc12826614,UA_HUTER_sc12826614_INC71,Incliva,INC71,DONNOR-71-P,44884,Fresh,Cells,Whole_Uterus,,Posterior,N/A,Ctrl_whole_uterus,Organ_Donor,Posterior,Coll.+Trypsin,3' v3.1,INC71,no,no,no,no,,
UA_HUTER_sc12826615,UA_HUTER_sc12826615_INC72,Incliva,INC72,DONNOR-72-A,44884,Fresh,Cells,Whole_Uterus,,Anterior,N/A,Ctrl_whole_uterus,Organ_Donor,Anterior,Coll.+Trypsin,3' v3.1,INC72,no,no,no,no,,
UA_HUTER_sc12826616,UA_HUTER_sc12826616_INC72,Incliva,INC72,DONNOR-72-P,44884,Fresh,Cells,Whole_Uterus,,Posterior,N/A,Ctrl_whole_uterus,Organ_Donor,Posterior,Coll.+Trypsin,3' v3.1,INC72,no,no,no,no,,
GSM4577315,GSM4577315_SAMN15049042,Wang,SAMN15049042,SRR11869240,13,Fresh,Cells,Superficial_Eutopic,eutopic_endometrium,N/A,N/A,Ctrl_Superficial,Superficial,None,Coll.+Trypsin,3' v3.1,SAMN15049042,no,no,no,no,,
GSM4577314,GSM4577314_SAMN15049043,Wang,SAMN15049043,SRR11869238,12,Fresh,Cells,Superficial_Eutopic,eutopic_endometrium,N/A,N/A,Ctrl_Superficial,Superficial,None,Coll.+Trypsin,3' v3.1,SAMN15049043,no,no,no,no,,
GSM4577313,GSM4577313_SAMN15049044,Wang,SAMN15049044,SRR11869236,12,Fresh,Cells,Superficial_Eutopic,eutopic_endometrium,N/A,N/A,Ctrl_Superficial,Superficial,None,Coll.+Trypsin,3' v3.1,SAMN15049044,no,no,no,no,,
GSM4577312,GSM4577312_SAMN15049045,Wang,SAMN15049045,SRR11869235,13,Fresh,Cells,Superficial_Eutopic,eutopic_endometrium,N/A,N/A,Ctrl_Superficial,Superficial,None,Coll.+Trypsin,3' v3.1,SAMN15049045,no,no,no,no,,
GSM4577311,GSM4577311_SAMN15049046,Wang,SAMN15049046,SRR11869233,12,Fresh,Cells,Superficial_Eutopic,eutopic_endometrium,N/A,N/A,Ctrl_Superficial,Superficial,None,Coll.+Trypsin,3' v3.1,SAMN15049046,no,no,no,no,,
GSM4577310,GSM4577310_SAMN15049047,Wang,SAMN15049047,SRR11869231,12,Fresh,Cells,Superficial_Eutopic,eutopic_endometrium,N/A,N/A,Ctrl_Superficial,Superficial,None,Coll.+Trypsin,3' v3.1,SAMN15049047,no,no,no,no,,
GSM4577309,GSM4577309_SAMN15049048,Wang,SAMN15049048,SRR11869229,12,Fresh,Cells,Superficial_Eutopic,eutopic_endometrium,N/A,N/A,Ctrl_Superficial,Superficial,None,Coll.+Trypsin,3' v3.1,SAMN15049048,no,no,no,no,,
GSM4577308,GSM4577308_SAMN15049049,Wang,SAMN15049049,SRR11869227,12,Fresh,Cells,Superficial_Eutopic,eutopic_endometrium,N/A,N/A,Ctrl_Superficial,Superficial,None,Coll.+Trypsin,3' v3.1,SAMN15049049,no,no,no,no,,
GSM4577307,GSM4577307_SAMN15049050,Wang,SAMN15049050,SRR11869225,12,Fresh,Cells,Superficial_Eutopic,eutopic_endometrium,N/A,N/A,Ctrl_Superficial,Superficial,None,Coll.+Trypsin,3' v3.1,SAMN15049050,no,no,no,no,,
GSM4577306,GSM4577306_SAMN15049051,Wang,SAMN15049051,SRR11869223,12,Fresh,Cells,Superficial_Eutopic,eutopic_endometrium,N/A,N/A,Ctrl_Superficial,Superficial,None,Coll.+Trypsin,3' v3.1,SAMN15049051,no,no,no,no,,
SAMN16356844,SAMN16356844_AM_NEG,Other,SAMN16356844,SAMN16356845,11,Fresh,Cells,,,,,Wall,Wall,None,NA,3',AM_NEG,no,no,no,no,,
SAMN16356845,SAMN16356845_AM_POS,Other,SAMN16356845,SAMN16356845,11,Fresh,Cells,,,,,Wall,Wall,None,NA,3',AM_POS,no,no,no,no,,
SAMN16356846,SAMN16356846_AM_POS,Other,SAMN16356846,SAMN16356846,11,Fresh,Cells,,,,,Lesion,Lesion,Lesion,NA,3',AM_POS,no,no,no,no,,
SAMN23461117,SAMN23461117_TE_POS_PP,Zhang,SAMN23461117,SAMN23461117,66,Fresh,Cells,Superficial_Eutopic,eutopic_endometrium,,,Ctrl_Superficial,Superficial,None,NA,3',TE_POS_PP,no,no,no,no,,
SAMN23461118,SAMN23461118_TE_POS_SP,Zhang,SAMN23461118,SAMN23461118,66,Fresh,Cells,Superficial_Eutopic,eutopic_endometrium,,,Ctrl_Superficial,Superficial,None,NA,3',TE_POS_SP,no,no,no,no,,
SAMN23461119,SAMN23461119_TE_NEG_PP,Zhang,SAMN23461119,SAMN23461119,66,Fresh,Cells,Superficial_Eutopic,eutopic_endometrium,,,Ctrl_Superficial,Superficial,None,NA,3',TE_NEG_PP,no,no,no,no,,
SAMN23461120,SAMN23461120_TE_NEG_SP,Zhang,SAMN23461120,SAMN23461120,66,Fresh,Cells,Superficial_Eutopic,eutopic_endometrium,,,Ctrl_Superficial,Superficial,None,NA,3',TE_NEG_SP,no,no,no,no,,
WSSS_END9372951,WSSS_END9372951_TRV2,Garcia_Alonso,TRV2,WSSS_END9372951,1,Frozen,Nuclei,Whole_Uterus,eutopic_endometrium,N/A,N/A,Ctrl_whole_uterus,Organ_Donor,None,Unknown,3' v3.0,TRV2,no,no,no,no,,
WSSS_END9372952,WSSS_END9372952_TRV3,Garcia_Alonso,TRV3,WSSS_END9372952,1,Frozen,Nuclei,Whole_Uterus,eutopic_endometrium,N/A,N/A,Ctrl_whole_uterus,Organ_Donor,None,Unknown,3' v3.0,TRV3,no,no,no,no,,
WSSS_END9372953,WSSS_END9372953_TRV3,Garcia_Alonso,TRV3,WSSS_END9372953,1,Frozen,Nuclei,Whole_Uterus,eutopic_endometrium,N/A,N/A,Ctrl_whole_uterus,Organ_Donor,None,Unknown,3' v3.0,TRV3,no,no,no,no,,
WSSS_END9372954,WSSS_END9372954_TRV4,Garcia_Alonso,TRV4,WSSS_END9372954,1,Frozen,Nuclei,Whole_Uterus,eutopic_endometrium,N/A,N/A,Ctrl_whole_uterus,Organ_Donor,None,Unknown,3' v3.0,TRV4,no,no,no,no,,
WSSS_END9372955,WSSS_END9372955_TRV4,Garcia_Alonso,TRV4,WSSS_END9372955,1,Frozen,Nuclei,Whole_Uterus,eutopic_endometrium,N/A,N/A,Ctrl_whole_uterus,Organ_Donor,None,Unknown,3' v3.0,TRV4,no,no,no,no,,
WSSS_END9372956,WSSS_END9372956_TRV5,Garcia_Alonso,TRV5,WSSS_END9372956,1,Frozen,Nuclei,Whole_Uterus,eutopic_endometrium,N/A,N/A,Ctrl_whole_uterus,Organ_Donor,None,Unknown,3' v3.0,TRV5,no,no,no,no,,
WSSS_END9372957,WSSS_END9372957_TRV5,Garcia_Alonso,TRV5,WSSS_END9372957,1,Frozen,Nuclei,Whole_Uterus,eutopic_endometrium,N/A,N/A,Ctrl_whole_uterus,Organ_Donor,None,Unknown,3' v3.0,TRV5,no,no,no,no,,
UA_Endo12449300,UA_Endo12449300_EX0045,Marecckovaa,EX0045,UA_Endo12449300,43996,Frozen,Nuclei,Superficial_Eutopic,eutopic_endometrium,N/A,N/A,Endo_Superficial,Superficial,None,None,3' v3.0,EX0045,yes,no,EX0045,no,,
UA_Endo12449299,UA_Endo12449299_EX0277,Marecckovaa,EX0277,UA_Endo12449299,43996,Frozen,Nuclei,Superficial_Eutopic,eutopic_endometrium,N/A,N/A,Endo_Superficial,Superficial,None,None,3' v3.0,EX0277,yes,no,EX0277; EX0288,no,,
UA_Endo12449299,UA_Endo12449299_EX0288,Marecckovaa,EX0288,UA_Endo12449299,43996,Frozen,Nuclei,Superficial_Eutopic,eutopic_endometrium,N/A,N/A,Endo_Superficial,Superficial,None,None,3' v3.0,EX0288,yes,no,EX0277; EX0288,no,,
UA_Endo11460960,UA_Endo11460960_EX0366,Marecckovaa,EX0366,UA_Endo11460960,42196,Frozen,Nuclei,Superficial_Eutopic,eutopic_endometrium,N/A,N/A,Endo_Superficial,Superficial,None,None,3' v3.0,EX0366,yes,no,FX1100; EX0366,no,,
UA_Endo11282193,UA_Endo11282193_EX0540,Marecckovaa,EX0540,UA_Endo11282193,43103,Frozen,Nuclei,Superficial_Eutopic,eutopic_endometrium,N/A,N/A,Endo_Superficial,Superficial,None,None,3' v3.0,EX0540,yes,no,FX1146,no,,
UA_Endo12269812,UA_Endo12269812_EX0661,Marecckovaa,EX0661,UA_Endo12269812,43937,Frozen,Nuclei,Superficial_Eutopic,eutopic_endometrium,N/A,N/A,Endo_Superficial,Superficial,None,None,3' v3.0,EX0661,yes,no,EX0789,yes,outlier,
UA_Endo12269814,UA_Endo12269814_EX0661,Marecckovaa,EX0661,UA_Endo12269814,43937,Frozen,Nuclei,Superficial_Eutopic,eutopic_endometrium,N/A,N/A,Endo_Superficial,Superficial,None,None,3' v3.0,EX0661,yes,no,EX0789,no,,clogged reaction
UA_Endo12269812,UA_Endo12269812_EX0789,Marecckovaa,EX0789,UA_Endo12269812,43937,Frozen,Nuclei,Superficial_Eutopic,eutopic_endometrium,N/A,N/A,Endo_Superficial,Superficial,None,None,3' v3.0,EX0789,yes,no,EX0789,yes,outlier mostly,
UA_Endo12269814,UA_Endo12269814_EX0789,Marecckovaa,EX0789,UA_Endo12269814,43937,Frozen,Nuclei,Superficial_Eutopic,eutopic_endometrium,N/A,N/A,Endo_Superficial,Superficial,None,None,3' v3.0,EX0789,yes,no,EX0789,no,,clogged reaction
UA_Endo12296823,UA_Endo12296823_EX0795,Marecckovaa,EX0795,UA_Endo12296823,43937,Frozen,Nuclei,Superficial_Eutopic,eutopic_endometrium,N/A,N/A,Endo_Superficial,Superficial,None,None,3' v3.0,EX0795,yes,no,EX0795; FX1119,no,,
UA_Endo11460961,UA_Endo11460961_FX0011,Marecckovaa,FX0011,UA_Endo11460961,42196,Frozen,Nuclei,Superficial_Eutopic,eutopic_endometrium,N/A,N/A,Ctrl_Superficial,Superficial,None,None,3' v3.0,FX0011,yes,no,FX1097,no,,
UA_Endo12269811,UA_Endo12269811_FX0022,Marecckovaa,FX0022,UA_Endo12269811,43937,Frozen,Nuclei,Superficial_Eutopic,eutopic_endometrium,N/A,N/A,Endo_Superficial,Superficial,None,None,3' v3.0,FX0022,yes,no,FX0022; FX0060,no,,
UA_Endo12604667,UA_Endo12604667_FX0028,Marecckovaa,FX0028,UA_Endo12604667,44595,Frozen,Nuclei,Superficial_Eutopic,eutopic_endometrium,N/A,N/A,Ctrl_Superficial,Superficial,None,None,3' v3.0,FX0028,yes,no,FX0028,no,,
UA_Endo12269810,UA_Endo12269810_FX0033,Marecckovaa,FX0033,UA_Endo12269810,43937,Frozen,Nuclei,Superficial_Eutopic,eutopic_endometrium,N/A,N/A,Endo_Superficial,Superficial,None,None,3' v3.0,FX0033,yes,no,FX1106,no,,
UA_Endo11173480,UA_Endo11173480_FX0052,Marecckovaa,FX0052,UA_Endo11173480,42058,Frozen,Nuclei,Superficial_Eutopic,eutopic_endometrium,N/A,N/A,Ctrl_Superficial,Superficial,None,Mixed,3' v3.0,FX0052,yes,no,FX1205,no,,
UA_Endo12061703,UA_Endo12061703_FX0056,Marecckovaa,FX0056,UA_Endo12061703,43281,Frozen,Nuclei,Superficial_Eutopic,eutopic_endometrium,N/A,N/A,Endo_Superficial,Superficial,None,None,3' v3.0,FX0056,yes,no,FX0056,no,,
UA_Endo12269811,UA_Endo12269811_FX0060,Marecckovaa,FX0060,UA_Endo12269811,43937,Frozen,Nuclei,Superficial_Eutopic,eutopic_endometrium,N/A,N/A,Endo_Superficial,Superficial,None,None,3' v3.0,FX0060,yes,no,FX0022; FX0060,no,,
UA_Endo12821480,UA_Endo12821480_FX1074,Marecckovaa,FX1074,UA_Endo12821480,44831,Frozen,Nuclei,Superficial_Eutopic,eutopic_endometrium,N/A,N/A,Endo_Superficial,Superficial,None,None,3' v3.0,FX1074,yes,no,FX1074,no,,
UA_Endo11173482,UA_Endo11173482_FX1087,Marecckovaa,FX1087,UA_Endo11173482,42058,Frozen,Nuclei,Superficial_Eutopic,eutopic_endometrium,N/A,N/A,Endo_Superficial,Superficial,None,Mixed,3' v3.0,FX1087,yes,no,FX1087,yes,outlier,
UA_Endo12865963,UA_Endo12865963_FX1087,Marecckovaa,FX1087,UA_Endo12865963,44999,Frozen,Nuclei,Superficial_Eutopic,eutopic_endometrium,N/A,N/A,Endo_Superficial,Superficial,None,None,3' v3.1,FX1087,yes,no,FX1087,no,,
UA_Endo11173481,UA_Endo11173481_FX1090,Marecckovaa,FX1090,UA_Endo11173481,42058,Frozen,Nuclei,Superficial_Eutopic,eutopic_endometrium,N/A,N/A,Endo_Superficial,Superficial,None,Percoll,3' v3.0,FX1090,yes,no,FX1090,yes,outlier,
UA_Endo11460961,UA_Endo11460961_FX1097,Marecckovaa,FX1097,UA_Endo11460961,42196,Frozen,Nuclei,Superficial_Eutopic,eutopic_endometrium,N/A,N/A,Endo_Superficial,Superficial,None,None,3' v3.0,FX1097,yes,no,FX1097,no,,
UA_Endo11460960,UA_Endo11460960_FX1100,Marecckovaa,FX1100,UA_Endo11460960,42196,Frozen,Nuclei,Superficial_Eutopic,eutopic_endometrium,N/A,N/A,Endo_Superficial,Superficial,None,None,3' v3.0,FX1100,yes,no,FX1100; EX0366,no,,
UA_Endo11596522,UA_Endo11596522_FX1104,Marecckovaa,FX1104,UA_Endo11596522,43281,Frozen,Nuclei,Superficial_Eutopic,eutopic_endometrium,N/A,N/A,Ctrl_Superficial,Superficial,None,None,3' v3.0,FX1104,yes,no,FX9005,no,,
UA_Endo12269810,UA_Endo12269810_FX1106,Marecckovaa,FX1106,UA_Endo12269810,43937,Frozen,Nuclei,Superficial_Eutopic,eutopic_endometrium,N/A,N/A,Ctrl_Superficial,Superficial,None,None,3' v3.0,FX1106,yes,no,FX1106,no,,
UA_Endo12061706,UA_Endo12061706_FX1109,Marecckovaa,FX1109,UA_Endo12061706,43281,Frozen,Nuclei,Superficial_Eutopic,eutopic_endometrium,N/A,N/A,Endo_Superficial,Superficial,None,None,3' v3.0,FX1109,yes,no,FX1109; FX1176,yes,ambient RNA,
UA_Endo12865964,UA_Endo12865964_FX1109,Marecckovaa,FX1109,UA_Endo12865964,44999,Frozen,Nuclei,Superficial_Eutopic,eutopic_endometrium,N/A,N/A,Endo_Superficial,Superficial,None,None,3' v3.1,FX1109,yes,no,FX1109; FX1215,yes,,extremely noisy and soupy
UA_Endo12821481,UA_Endo12821481_FX1111,Marecckovaa,FX1111,UA_Endo12821481,44831,Frozen,Nuclei,Superficial_Eutopic,eutopic_endometrium,N/A,N/A,Endo_Superficial,Superficial,None,None,3' v3.0,FX1111,yes,no,FX1111,no,,
UA_Endo12296823,UA_Endo12296823_FX1119,Marecckovaa,FX1119,UA_Endo12296823,43937,Frozen,Nuclei,Superficial_Eutopic,eutopic_endometrium,N/A,N/A,Ctrl_Superficial,Superficial,None,None,3' v3.0,FX1119,yes,no,EX0795; FX1119,no,,
UA_Endo12680031,UA_Endo12680031_FX1119,Marecckovaa,FX1119,Endometriosis6_FT,44568,Frozen,Cells,Superficial_Eutopic,eutopic_endometrium,N/A,N/A,Ctrl_Superficial,Superficial,None,Collagenase,3' v3.1,FX1119,yes,no,FX1119,no,,
UA_Endo12821480,UA_Endo12821480_FX1122,Marecckovaa,FX1122,UA_Endo12821480,44831,Frozen,Nuclei,Superficial_Eutopic,eutopic_endometrium,N/A,N/A,Ctrl_Superficial,Superficial,None,None,3' v3.0,FX1122,yes,no,FX1074,no,,
UA_Endo10298210,UA_Endo10298210_FX1125,Marecckovaa,FX1125,Endometriosis4_FT,16,Frozen,Cells,Superficial_Eutopic,eutopic_endometrium,N/A,N/A,Endo_Superficial,Superficial,None,Collagenase,3' v3.1,FX1125,yes,no,FX1125; FX1176,no,,
UA_Endo10298211,UA_Endo10298211_FX1125,Marecckovaa,FX1125,Endometriosis4_GF,16,Frozen,Cells,Superficial_Eutopic,eutopic_endometrium,N/A,N/A,Endo_Superficial,Superficial,None,Trypsin,3' v3.1,FX1125,yes,no,FX1125; FX1176,no,,
UA_Endo12296824,UA_Endo12296824_FX1125,Marecckovaa,FX1125,UA_Endo12296824,43937,Frozen,Nuclei,Superficial_Eutopic,eutopic_endometrium,N/A,N/A,Endo_Superficial,Superficial,None,None,3' v3.0,FX1125,yes,no,FX1125,no,,
UA_Endo12061705,UA_Endo12061705_FX1129,Marecckovaa,FX1129,UA_Endo12061705,43281,Frozen,Nuclei,Superficial_Eutopic,eutopic_endometrium,N/A,N/A,Endo_Superficial,Superficial,None,None,3' v3.0,FX1129,yes,no,FX9009,no,,
UA_Endo12604667,UA_Endo12604667_FX1130,Marecckovaa,FX1130,UA_Endo12604667,44595,Frozen,Nuclei,Superficial_Eutopic,eutopic_endometrium,N/A,N/A,Endo_Superficial,Superficial,None,None,3' v3.0,FX1130,yes,no,FX0028,no,,
UA_Endo12449301,UA_Endo12449301_FX1136,Marecckovaa,FX1136,UA_Endo12449301,43996,Frozen,Nuclei,Superficial_Eutopic,eutopic_endometrium,N/A,N/A,Endo_Superficial,Superficial,None,None,3' v3.0,FX1136,yes,no,FX1136,no,,
UA_Endo11460962,UA_Endo11460962_FX1141,Marecckovaa,FX1141,UA_Endo11460962,42196,Frozen,Nuclei,Superficial_Eutopic,eutopic_endometrium,N/A,N/A,Ctrl_Superficial,Superficial,None,None,3' v3.0,FX1141,yes,no,FX1141; FX1170,no,,mostly MUC5B
UA_Endo12865965,UA_Endo12865965_FX1141,Marecckovaa,FX1141,UA_Endo12865965,44999,Frozen,Nuclei,Superficial_Eutopic,eutopic_endometrium,N/A,N/A,Ctrl_Superficial,Superficial,None,None,3' v3.1,FX1141,yes,no,FX1141,yes,,extremely noisy and soupy
UA_Endo11282193,UA_Endo11282193_FX1146,Marecckovaa,FX1146,UA_Endo11282193,43103,Frozen,Nuclei,Superficial_Eutopic,eutopic_endometrium,N/A,N/A,Ctrl_Superficial,Superficial,None,None,3' v3.0,FX1146,yes,no,FX1146,no,,
UA_Endo12449301,UA_Endo12449301_FX1150,Marecckovaa,FX1150,UA_Endo12449301,43996,Frozen,Nuclei,Superficial_Eutopic,eutopic_endometrium,N/A,N/A,Endo_Superficial,Superficial,None,None,3' v3.0,FX1150,yes,no,FX1136,no,,
UA_Endo10298212,UA_Endo10298212_FX1156,Marecckovaa,FX1156,Endometriosis5_FT,16,Frozen,Cells,Superficial_Eutopic,eutopic_endometrium,N/A,N/A,Endo_Superficial,Superficial,None,Collagenase,3' v3.1,FX1156,yes,no,FX1156,no,,
UA_Endo10298213,UA_Endo10298213_FX1156,Marecckovaa,FX1156,Endometriosis5_GF,16,Frozen,Cells,Superficial_Eutopic,eutopic_endometrium,N/A,N/A,Endo_Superficial,Superficial,None,Trypsin,3' v3.1,FX1156,yes,no,FX1156,no,,
UA_Endo12449298,UA_Endo12449298_FX1156,Marecckovaa,FX1156,UA_Endo12449298,43996,Frozen,Nuclei,Superficial_Eutopic,eutopic_endometrium,N/A,N/A,Endo_Superficial,Superficial,None,None,3' v3.0,FX1156,yes,no,FX1156; FX1160,no,,
UA_Endo9426401,UA_Endo9426401_FX1156,Marecckovaa,FX1156,Endometriosis2_FT,15,Frozen,Cells,Superficial_Eutopic,eutopic_endometrium,N/A,N/A,Endo_Superficial,Superficial,None,Collagenase,3' v3.1,FX1156,yes,no,FX1156,no,,
UA_Endo9426402,UA_Endo9426402_FX1156,Marecckovaa,FX1156,Endometriosis2_GF,15,Frozen,Cells,Superficial_Eutopic,eutopic_endometrium,N/A,N/A,Endo_Superficial,Superficial,None,Trypsin,3' v3.1,FX1156,yes,no,FX1156,no,,
UA_Endo12061415,UA_Endo12061415_FX1158,Marecckovaa,FX1158,UA_Endo12061415,43937,Frozen,Nuclei,Superficial_Eutopic,eutopic_endometrium,N/A,N/A,Endo_Superficial,Superficial,None,None,3' v3.0,FX1158,yes,no,FX1158,no,outlier mostly,
UA_Endo12894973,UA_Endo12894973_FX1158,Marecckovaa,FX1158,UA_Endo12894973,45089,Frozen,Nuclei,Superficial_Eutopic,eutopic_endometrium,N/A,N/A,Endo_Superficial,Superficial,None,None,3' v3.1,FX1158,yes,no,FX1158,yes,outlier,
UA_Endo12449298,UA_Endo12449298_FX1160,Marecckovaa,FX1160,UA_Endo12449298,43996,Frozen,Nuclei,Superficial_Eutopic,eutopic_endometrium,N/A,N/A,Endo_Superficial,Superficial,None,None,3' v3.0,FX1160,yes,no,FX1156; FX1160,no,,
UA_Endo12061704,UA_Endo12061704_FX1163,Marecckovaa,FX1163,UA_Endo12061704,43281,Frozen,Nuclei,Superficial_Eutopic,eutopic_endometrium,N/A,N/A,Endo_Superficial,Superficial,None,None,3' v3.0,FX1163,yes,no,FX1163,no,,
UA_Endo11460962,UA_Endo11460962_FX1170,Marecckovaa,FX1170,UA_Endo11460962,42196,Frozen,Nuclei,Superficial_Eutopic,eutopic_endometrium,N/A,N/A,Endo_Superficial,Superficial,None,None,3' v3.0,FX1170,yes,no,FX1141; FX1170,no,,
UA_Endo12865960,UA_Endo12865960_FX1170,Marecckovaa,FX1170,UA_Endo12865960,44999,Frozen,Nuclei,Superficial_Eutopic,eutopic_endometrium,N/A,N/A,Endo_Superficial,Superficial,None,None,3' v3.1,FX1170,yes,no,FX1170,no,,
UA_Endo10298210,UA_Endo10298210_FX1176,Marecckovaa,FX1176,Endometriosis4_FT,16,Frozen,Cells,Superficial_Eutopic,eutopic_endometrium,N/A,N/A,Endo_Superficial,Superficial,None,Collagenase,3' v3.1,FX1176,yes,no,FX1125; FX1176,no,,
UA_Endo10298211,UA_Endo10298211_FX1176,Marecckovaa,FX1176,Endometriosis4_GF,16,Frozen,Cells,Superficial_Eutopic,eutopic_endometrium,N/A,N/A,Endo_Superficial,Superficial,None,Trypsin,3' v3.1,FX1176,yes,no,FX1125; FX1176,no,,
UA_Endo12061706,UA_Endo12061706_FX1176,Marecckovaa,FX1176,UA_Endo12061706,43281,Frozen,Nuclei,Superficial_Eutopic,eutopic_endometrium,N/A,N/A,Endo_Superficial,Superficial,None,None,3' v3.0,FX1176,yes,no,FX1109; FX1176,yes,ambient RNA,
UA_Endo12865966,UA_Endo12865966_FX1176,Marecckovaa,FX1176,UA_Endo12865966,44999,Frozen,Nuclei,Superficial_Eutopic,eutopic_endometrium,N/A,N/A,Endo_Superficial,Superficial,None,None,3' v3.1,FX1176,yes,no,FX1176,yes,outlier,
UA_Endo11173480,UA_Endo11173480_FX1205,Marecckovaa,FX1205,UA_Endo11173480,42058,Frozen,Nuclei,Superficial_Eutopic,eutopic_endometrium,N/A,N/A,Endo_Superficial,Superficial,None,Mixed,3' v3.0,FX1205,yes,no,FX1205,no,,
UA_Endo11460963,UA_Endo11460963_FX1215,Marecckovaa,FX1215,UA_Endo11460963,42196,Frozen,Nuclei,Superficial_Eutopic,eutopic_endometrium,N/A,N/A,Endo_Superficial,Superficial,None,None,3' v3.0,FX1215,yes,no,FX1215,no,,
UA_Endo12865964,UA_Endo12865964_FX1215,Marecckovaa,FX1215,UA_Endo12865964,44999,Frozen,Nuclei,Superficial_Eutopic,eutopic_endometrium,N/A,N/A,Endo_Superficial,Superficial,None,None,3' v3.1,FX1215,yes,no,FX1109; FX1215,yes,outlier mostly,extremely noisy and soupy
UA_Endo12061415,UA_Endo12061415_FX1223,Marecckovaa,FX1223,UA_Endo12061415,43937,Frozen,Nuclei,Superficial_Eutopic,eutopic_endometrium,N/A,N/A,Endo_Superficial,Superficial,None,None,3' v3.0,FX1223,yes,no,FX1158,no,,
UA_Endo12865966,UA_Endo12865966_FX1223,Marecckovaa,FX1223,UA_Endo12865966,44999,Frozen,Nuclei,Superficial_Eutopic,eutopic_endometrium,N/A,N/A,Endo_Superficial,Superficial,None,None,3' v3.1,FX1223,yes,no,FX1176,no,,
UA_Endo12269813,UA_Endo12269813_FX1233,Marecckovaa,FX1233,UA_Endo12269813,43937,Frozen,Nuclei,Superficial_Eutopic,eutopic_endometrium,N/A,N/A,Endo_Superficial,Superficial,None,None,3' v3.0,FX1233,yes,no,FX1233,no,,
UA_Endo12865962,UA_Endo12865962_FX1236,Marecckovaa,FX1236,UA_Endo12865962,44999,Frozen,Nuclei,Superficial_Eutopic,eutopic_endometrium,N/A,N/A,Endo_Superficial,Superficial,None,None,3' v3.1,FX1236,yes,no,no,no,,
UA_Endo12680033,UA_Endo12680033_FX1249,Marecckovaa,FX1249,Endometriosis7_FT,44568,Frozen,Cells,Superficial_Eutopic,eutopic_endometrium,N/A,N/A,Endo_Superficial,Superficial,None,Collagenase,3' v3.1,FX1249,yes,yes,no,no,,
UA_Endo12680034,UA_Endo12680034_FX1249,Marecckovaa,FX1249,Endometriosis7_GF,44568,Frozen,Cells,Superficial_Eutopic,eutopic_endometrium,N/A,N/A,Endo_Superficial,Superficial,None,Trypsin,3' v3.1,FX1249,yes,no,no,no,,
UA_Endo12680033,UA_Endo12680033_FX1254,Marecckovaa,FX1254,Endometriosis7_FT,44568,Frozen,Cells,Superficial_Eutopic,eutopic_endometrium,N/A,N/A,Endo_Superficial,Superficial,None,Collagenase,3' v3.1,FX1254,yes,yes,no,no,,
UA_Endo12680034,UA_Endo12680034_FX1254,Marecckovaa,FX1254,Endometriosis7_GF,44568,Frozen,Cells,Superficial_Eutopic,eutopic_endometrium,N/A,N/A,Endo_Superficial,Superficial,None,Trypsin,3' v3.1,FX1254,yes,no,no,no,,
UA_Endo12680031,UA_Endo12680031_FX1259,Marecckovaa,FX1259,Endometriosis6_FT,44568,Frozen,Cells,Superficial_Eutopic,eutopic_endometrium,N/A,N/A,Endo_Superficial,Superficial,None,Collagenase,3' v3.1,FX1259,yes,no,FX1119,no,,
UA_Endo12961679,UA_Endo12961679_FX1285,Marecckovaa,FX1285,UA_Endo12961679,,Frozen,Cells,Superficial_Eutopic,eutopic_endometrium,N/A,N/A,Endo_Superficial,Superficial,None,Collagenase,3' v3.1,FX1285,yes,no - hashing failed,no - link with organoids,no,,
UA_Endo12961680,UA_Endo12961680_FX1285,Marecckovaa,FX1285,UA_Endo12961680,,Frozen,Cells,Superficial_Eutopic,eutopic_endometrium,N/A,N/A,Endo_Superficial,Superficial,None,Trypsin,3' v3.1,FX1285,yes,no - hashing failed,no - link with organoids,no,,
UA_Endo12961681,UA_Endo12961681_FX1289,Marecckovaa,FX1289,UA_Endo12961681,,Frozen,Cells,Superficial_Eutopic,eutopic_endometrium,N/A,N/A,Endo_Superficial,Superficial,None,Collagenase,3' v3.1,FX1289,yes,no - hashing failed,no - link with organoids,no,,
UA_Endo12961682,UA_Endo12961682_FX1289,Marecckovaa,FX1289,UA_Endo12961682,,Frozen,Cells,Superficial_Eutopic,eutopic_endometrium,N/A,N/A,Endo_Superficial,Superficial,None,Trypsin,3' v3.1,FX1289,yes,no - hashing failed,no - link with organoids,no,,
UA_Endo12269813,UA_Endo12269813_FX9001,Marecckovaa,FX9001,UA_Endo12269813,43937,Frozen,Nuclei,Superficial_Eutopic,eutopic_endometrium,N/A,N/A,Endo_Superficial,Superficial,None,None,3' v3.0,FX9001,yes,no,FX1233,yes,outlier,
UA_Endo12865965,UA_Endo12865965_FX9001,Marecckovaa,FX9001,UA_Endo12865965,44999,Frozen,Nuclei,Superficial_Eutopic,eutopic_endometrium,N/A,N/A,Endo_Superficial,Superficial,None,None,3' v3.1,FX9001,yes,no,FX1141,yes,,extremely noisy and soupy
UA_Endo11596522,UA_Endo11596522_FX9005,Marecckovaa,FX9005,UA_Endo11596522,43281,Frozen,Nuclei,Superficial_Eutopic,eutopic_endometrium,N/A,N/A,Endo_Superficial,Superficial,None,None,3' v3.0,FX9005,yes,no,FX9005,no,,
UA_Endo10298212,UA_Endo10298212_FX9006,Marecckovaa,FX9006,Endometriosis5_FT,16,Frozen,Cells,Superficial_Eutopic,eutopic_endometrium,N/A,N/A,Endo_Superficial,Superficial,None,Collagenase,3' v3.1,FX9006,yes,no,FX1156,no,,
UA_Endo10298213,UA_Endo10298213_FX9006,Marecckovaa,FX9006,Endometriosis5_GF,16,Frozen,Cells,Superficial_Eutopic,eutopic_endometrium,N/A,N/A,Endo_Superficial,Superficial,None,Trypsin,3' v3.1,FX9006,yes,no,FX1156,no,,
UA_Endo11460963,UA_Endo11460963_FX9006,Marecckovaa,FX9006,UA_Endo11460963,42196,Frozen,Nuclei,Superficial_Eutopic,eutopic_endometrium,N/A,N/A,Endo_Superficial,Superficial,None,None,3' v3.0,FX9006,yes,no,FX1215,no,,
UA_Endo12865961,UA_Endo12865961_FX9006,Marecckovaa,FX9006,UA_Endo12865961,44999,Frozen,Nuclei,Superficial_Eutopic,eutopic_endometrium,N/A,N/A,Endo_Superficial,Superficial,None,None,3' v3.1,FX9006,yes,no,no,no,,
UA_Endo9426401,UA_Endo9426401_FX9006,Marecckovaa,FX9006,Endometriosis2_FT,15,Frozen,Cells,Superficial_Eutopic,eutopic_endometrium,N/A,N/A,Endo_Superficial,Superficial,None,Collagenase,3' v3.1,FX9006,yes,no,FX1156,no,,
UA_Endo9426402,UA_Endo9426402_FX9006,Marecckovaa,FX9006,Endometriosis2_GF,15,Frozen,Cells,Superficial_Eutopic,eutopic_endometrium,N/A,N/A,Endo_Superficial,Superficial,None,Trypsin,3' v3.1,FX9006,yes,no,FX1156,no,,
UA_Endo12821481,UA_Endo12821481_FX9007,Marecckovaa,FX9007,UA_Endo12821481,44831,Frozen,Nuclei,Superficial_Eutopic,eutopic_endometrium,N/A,N/A,Ctrl_Superficial,Superficial,None,None,3' v3.0,FX9007,yes,no,FX1111,no,,
UA_Endo12296824,UA_Endo12296824_FX9008,Marecckovaa,FX9008,UA_Endo12296824,43937,Frozen,Nuclei,Superficial_Eutopic,eutopic_endometrium,N/A,N/A,Ctrl_Superficial,Superficial,None,None,3' v3.0,FX9008,yes,no,FX1125,no,,
UA_Endo12061705,UA_Endo12061705_FX9009,Marecckovaa,FX9009,UA_Endo12061705,43281,Frozen,Nuclei,Superficial_Eutopic,eutopic_endometrium,N/A,N/A,Ctrl_Superficial,Superficial,None,None,3' v3.0,FX9009,yes,no,FX9009,no,,
UA_Endo12894974,UA_Endo12894974_FX9009,Marecckovaa,FX9009,UA_Endo12894974,45089,Frozen,Nuclei,Superficial_Eutopic,eutopic_endometrium,N/A,N/A,Ctrl_Superficial,Superficial,None,None,3' v3.1,FX9009,yes,no,FX9009,yes,outlier,
UA_Endo11173482,UA_Endo11173482_FX9011,Marecckovaa,FX9011,UA_Endo11173482,42058,Frozen,Nuclei,Superficial_Eutopic,eutopic_endometrium,N/A,N/A,Ctrl_Superficial,Superficial,None,Mixed,3' v3.0,FX9011,yes,no,FX1087,no,,
UA_Endo12865962,UA_Endo12865962_FX9012,Marecckovaa,FX9012,UA_Endo12865962,44999,Frozen,Nuclei,Superficial_Eutopic,eutopic_endometrium,N/A,N/A,Endo_Superficial,Superficial,None,None,3' v3.1,FX9012,yes,no,no,no,outlier mostly,
UA_Endo12865960,UA_Endo12865960_FX9013,Marecckovaa,FX9013,UA_Endo12865960,44999,Frozen,Nuclei,Superficial_Eutopic,eutopic_endometrium,N/A,N/A,Endo_Superficial,Superficial,None,None,3' v3.1,FX9013,yes,no,FX1170,no,,
UA_Endo12865961,UA_Endo12865961_FX9014,Marecckovaa,FX9014,UA_Endo12865961,44999,Frozen,Nuclei,Superficial_Eutopic,eutopic_endometrium,N/A,N/A,Endo_Superficial,Superficial,None,None,3' v3.1,FX9014,yes,no,no,no,,
UA_Endo12894973,UA_Endo12894973_FX9017,Marecckovaa,FX9017,UA_Endo12894973,45089,Frozen,Nuclei,Superficial_Eutopic,eutopic_endometrium,N/A,N/A,Endo_Superficial,Superficial,None,None,3' v3.1,FX9017,yes,no,FX1158,yes,outlier,
UA_Endo12061703,UA_Endo12061703_FX9020,Marecckovaa,FX9020,UA_Endo12061703,43281,Frozen,Nuclei,Superficial_Eutopic,eutopic_endometrium,N/A,N/A,Endo_Superficial,Superficial,None,None,3' v3.0,FX9020,yes,no,FX0056,no,,
UA_Endo12865963,UA_Endo12865963_FX9021,Marecckovaa,FX9021,UA_Endo12865963,44999,Frozen,Nuclei,Superficial_Eutopic,eutopic_endometrium,N/A,N/A,Ctrl_Superficial,Superficial,None,None,3' v3.1,FX9021,yes,no,FX1087,no,,
UA_Endo11173481,UA_Endo11173481_FX9022,Marecckovaa,FX9022,UA_Endo11173481,42058,Frozen,Nuclei,Superficial_Eutopic,eutopic_endometrium,N/A,N/A,Endo_Superficial,Superficial,None,Percoll,3' v3.0,FX9022,yes,no,FX1090,no,,
UA_Endo12894974,UA_Endo12894974_FX9023,Marecckovaa,FX9023,UA_Endo12894974,45089,Frozen,Nuclei,Superficial_Eutopic,eutopic_endometrium,N/A,N/A,Ctrl_Superficial,Superficial,None,None,3' v3.1,FX9023,yes,no,FX9009,yes,outlier,
UA_Endo12061704,UA_Endo12061704_FX9024,Marecckovaa,FX9024,UA_Endo12061704,43281,Frozen,Nuclei,Superficial_Eutopic,eutopic_endometrium,N/A,N/A,Ctrl_Superficial,Superficial,None,None,3' v3.0,FX9024,yes,no,FX1163,no,,
UA_Endo12449300,UA_Endo12449300_FX9027,Marecckovaa,FX9027,UA_Endo12449300,43996,Frozen,Nuclei,Superficial_Eutopic,eutopic_endometrium,N/A,N/A,Ctrl_Superficial,Superficial,None,None,3' v3.0,FX9027,yes,no,EX0045,no,,
UA_Endo13646709,UA_Endo13646709_SE06,Marecckovaa,SE06,UA_Endo13646709,,Frozen,Cells,Superficial_Eutopic,eutopic_endometrium,N/A,N/A,Ctrl_Superficial,Superficial,None,Collagenase,3' v3.0,SE06,no,no,no,no,stressed cells,
UA_Endo12961679,UA_Endo12961679_SE02,Marecckovaa,SE02,UA_Endo12961679,,Frozen,Cells,Superficial_Eutopic,eutopic_endometrium,N/A,N/A,Ctrl_Superficial,Superficial,None,Collagenase,3' v3.1,SE02,yes,no - hashing failed,no - link with organoids,no,,
UA_Endo12961680,UA_Endo12961680_SE02,Marecckovaa,SE02,UA_Endo12961680,,Frozen,Cells,Superficial_Eutopic,eutopic_endometrium,N/A,N/A,Ctrl_Superficial,Superficial,None,Trypsin,3' v3.1,SE02,yes,no - hashing failed,no - link with organoids,no,,
UA_Endo12961681,UA_Endo12961681_SE03,Marecckovaa,SE03,UA_Endo12961681,,Frozen,Cells,Superficial_Eutopic,eutopic_endometrium,N/A,N/A,Ctrl_Superficial,Superficial,None,Collagenase,3' v3.1,SE03,yes,no - hashing failed,no - link with organoids,no,,
UA_Endo12961682,UA_Endo12961682_SE03,Marecckovaa,SE03,UA_Endo12961682,,Frozen,Cells,Superficial_Eutopic,eutopic_endometrium,N/A,N/A,Ctrl_Superficial,Superficial,None,Trypsin,3' v3.1,SE03,yes,no - hashing failed,no - link with organoids,no,,
GSM6161382_wholeME3,GSM6161382_wholeME3_TB03076194,Shih,TB03076194,wholeME3,0,Fresh,Cells,Effluent_Eutopic,eutopic_endometrium_MensEffluent,Menstrual_Effluent,N/A,Menstrual_Effluent,wholeME,None,,,,yes,no,no,no,,
GSM6161383_wholeME1,GSM6161383_wholeME1_TB03076194,Shih,TB03076194,wholeME1,0,Fresh,Cells,Effluent_Eutopic,eutopic_endometrium_MensEffluent,Menstrual_Effluent,N/A,Menstrual_Effluent,wholeME,None,,,,yes,no,no,no,,
GSM6161381_wholeME2,GSM6161381_wholeME2_TB13020638,Shih,TB13020638,wholeME2,0,Fresh,Cells,Effluent_Eutopic,eutopic_endometrium_MensEffluent,Menstrual_Effluent,N/A,Menstrual_Effluent,wholeME,None,,,,yes,no,no,no,,
GSM6161382_wholeME3,GSM6161382_wholeME3_TB13020813,Shih,TB13020813,wholeME3,0,Fresh,Cells,Effluent_Eutopic,eutopic_endometrium_MensEffluent,Menstrual_Effluent,N/A,Menstrual_Effluent,wholeME,None,,,,yes,no,no,no,,
GSM6161373_wholeME_MEtissue,GSM6161373_wholeME_MEtissue_TB13020849,Shih,TB13020849,wholeME_MEtissue,0,Fresh,Cells,Effluent_Eutopic,eutopic_endometrium_MensEffluent,Menstrual_Effluent,N/A,Menstrual_Effluent,MEtissue,None,,,,yes,no,no,no,,
GSM6161376_MEtissue3,GSM6161376_MEtissue3_TB13020851,Shih,TB13020851,MEtissue3,0,Fresh,Cells,Effluent_Eutopic,eutopic_endometrium_MensEffluent,Menstrual_Effluent,N/A,Menstrual_Effluent,MEtissue,None,,,,yes,no,no,no,,
GSM6161383_wholeME1,GSM6161383_wholeME1_TB13020851,Shih,TB13020851,wholeME1,0,Fresh,Cells,Effluent_Eutopic,eutopic_endometrium_MensEffluent,Menstrual_Effluent,N/A,Menstrual_Effluent,wholeME,None,,,,yes,no,no,no,,
GSM6161382_wholeME3,GSM6161382_wholeME3_TB13020855,Shih,TB13020855,wholeME3,0,Fresh,Cells,Effluent_Eutopic,eutopic_endometrium_MensEffluent,Menstrual_Effluent,N/A,Menstrual_Effluent,wholeME,None,,,,yes,no,no,no,,
GSM6161381_wholeME2,GSM6161381_wholeME2_TB13020873,Shih,TB13020873,wholeME2,0,Fresh,Cells,Effluent_Eutopic,eutopic_endometrium_MensEffluent,Menstrual_Effluent,N/A,Menstrual_Effluent,wholeME,None,,,,yes,no,no,no,,
GSM6161383_wholeME1,GSM6161383_wholeME1_TB13020884,Shih,TB13020884,wholeME1,0,Fresh,Cells,Effluent_Eutopic,eutopic_endometrium_MensEffluent,Menstrual_Effluent,N/A,Menstrual_Effluent,wholeME,None,,,,yes,no,no,no,,
GSM6161374_MEtissue1,GSM6161374_MEtissue1_TB13020912,Shih,TB13020912,MEtissue1,0,Fresh,Cells,Effluent_Eutopic,eutopic_endometrium_MensEffluent,Menstrual_Effluent,N/A,Menstrual_Effluent,MEtissue,None,,,,yes,no,no,no,,
GSM6161382_wholeME3,GSM6161382_wholeME3_TB13020912,Shih,TB13020912,wholeME3,0,Fresh,Cells,Effluent_Eutopic,eutopic_endometrium_MensEffluent,Menstrual_Effluent,N/A,Menstrual_Effluent,wholeME,None,,,,yes,no,no,no,,
GSM6161381_wholeME2,GSM6161381_wholeME2_TB13020916,Shih,TB13020916,wholeME2,0,Fresh,Cells,Effluent_Eutopic,eutopic_endometrium_MensEffluent,Menstrual_Effluent,N/A,Menstrual_Effluent,wholeME,None,,,,yes,no,no,no,,
GSM6161383_wholeME1,GSM6161383_wholeME1_TB13020928,Shih,TB13020928,wholeME1,0,Fresh,Cells,Effluent_Eutopic,eutopic_endometrium_MensEffluent,Menstrual_Effluent,N/A,Menstrual_Effluent,wholeME,None,,,,yes,no,no,no,,
GSM6161381_wholeME2,GSM6161381_wholeME2_TB13020930,Shih,TB13020930,wholeME2,0,Fresh,Cells,Effluent_Eutopic,eutopic_endometrium_MensEffluent,Menstrual_Effluent,N/A,Menstrual_Effluent,wholeME,None,,,,yes,no,no,no,,
GSM6161373_wholeME_MEtissue,GSM6161373_wholeME_MEtissue_TB13020946,Shih,TB13020946,wholeME_MEtissue,0,Fresh,Cells,Effluent_Eutopic,eutopic_endometrium_MensEffluent,Menstrual_Effluent,N/A,Menstrual_Effluent,MEtissue,None,,,,yes,no,no,no,,
GSM6161383_wholeME1,GSM6161383_wholeME1_TB13020961,Shih,TB13020961,wholeME1,0,Fresh,Cells,Effluent_Eutopic,eutopic_endometrium_MensEffluent,Menstrual_Effluent,N/A,Menstrual_Effluent,wholeME,None,,,,yes,no,no,no,,
GSM6161376_MEtissue3,GSM6161376_MEtissue3_TB13020985,Shih,TB13020985,MEtissue3,0,Fresh,Cells,Effluent_Eutopic,eutopic_endometrium_MensEffluent,Menstrual_Effluent,N/A,Menstrual_Effluent,MEtissue,None,,,,yes,no,no,no,,
GSM6161381_wholeME2,GSM6161381_wholeME2_TB13020998,Shih,TB13020998,wholeME2,0,Fresh,Cells,Effluent_Eutopic,eutopic_endometrium_MensEffluent,Menstrual_Effluent,N/A,Menstrual_Effluent,wholeME,None,,,,yes,no,no,no,,
GSM6161380_MEtissue7,GSM6161380_MEtissue7_TB13021008,Shih,TB13021008,MEtissue7,0,Fresh,Cells,Effluent_Eutopic,eutopic_endometrium_MensEffluent,Menstrual_Effluent,N/A,Menstrual_Effluent,MEtissue,None,,,,yes,no,no,no,,
GSM6161377_MEtissue4,GSM6161377_MEtissue4_TB13021037,Shih,TB13021037,MEtissue4,0,Fresh,Cells,Effluent_Eutopic,eutopic_endometrium_MensEffluent,Menstrual_Effluent,N/A,Menstrual_Effluent,MEtissue,None,,,,yes,no,no,no,,
GSM6161378_MEtissue5,GSM6161378_MEtissue5_TB13021039,Shih,TB13021039,MEtissue5,0,Fresh,Cells,Effluent_Eutopic,eutopic_endometrium_MensEffluent,Menstrual_Effluent,N/A,Menstrual_Effluent,MEtissue,None,,,,yes,no,no,no,,
GSM6161375_MEtissue2,GSM6161375_MEtissue2_TB13021061,Shih,TB13021061,MEtissue2,0,Fresh,Cells,Effluent_Eutopic,eutopic_endometrium_MensEffluent,Menstrual_Effluent,N/A,Menstrual_Effluent,MEtissue,None,,,,yes,no,no,no,,
GSM6161375_MEtissue2,GSM6161375_MEtissue2_TB13021099,Shih,TB13021099,MEtissue2,0,Fresh,Cells,Effluent_Eutopic,eutopic_endometrium_MensEffluent,Menstrual_Effluent,N/A,Menstrual_Effluent,MEtissue,None,,,,yes,no,no,no,,
GSM6161378_MEtissue5,GSM6161378_MEtissue5_TB13021179,Shih,TB13021179,MEtissue5,0,Fresh,Cells,Effluent_Eutopic,eutopic_endometrium_MensEffluent,Menstrual_Effluent,N/A,Menstrual_Effluent,MEtissue,None,,,,yes,no,no,no,,
GSM6161379_MEtissue6,GSM6161379_MEtissue6_TB13021191,Shih,TB13021191,MEtissue6,0,Fresh,Cells,Effluent_Eutopic,eutopic_endometrium_MensEffluent,Menstrual_Effluent,N/A,Menstrual_Effluent,MEtissue,None,,,,yes,no,no,no,,
GSM6161382_wholeME3,GSM6161382_wholeME3_TB13021251,Shih,TB13021251,wholeME3,0,Fresh,Cells,Effluent_Eutopic,eutopic_endometrium_MensEffluent,Menstrual_Effluent,N/A,Menstrual_Effluent,wholeME,None,,,,yes,no,no,no,,
GSM6161374_MEtissue1,GSM6161374_MEtissue1_TB13021252,Shih,TB13021252,MEtissue1,0,Fresh,Cells,Effluent_Eutopic,eutopic_endometrium_MensEffluent,Menstrual_Effluent,N/A,Menstrual_Effluent,MEtissue,None,,,,yes,no,no,no,,
GSM6161382_wholeME3,GSM6161382_wholeME3_TB13021284,Shih,TB13021284,wholeME3,0,Fresh,Cells,Effluent_Eutopic,eutopic_endometrium_MensEffluent,Menstrual_Effluent,N/A,Menstrual_Effluent,wholeME,None,,,,yes,no,no,no,,
GSM6161374_MEtissue1,GSM6161374_MEtissue1_TB13021372,Shih,TB13021372,MEtissue1,0,Fresh,Cells,Effluent_Eutopic,eutopic_endometrium_MensEffluent,Menstrual_Effluent,N/A,Menstrual_Effluent,MEtissue,None,,,,yes,no,no,no,,
GSM6161373_wholeME_MEtissue,GSM6161373_wholeME_MEtissue_TB13021438,Shih,TB13021438,wholeME_MEtissue,0,Fresh,Cells,Effluent_Eutopic,eutopic_endometrium_MensEffluent,Menstrual_Effluent,N/A,Menstrual_Effluent,MEtissue,None,,,,yes,no,no,no,,
GSM6161375_MEtissue2,GSM6161375_MEtissue2_TB13021550,Shih,TB13021550,MEtissue2,0,Fresh,Cells,Effluent_Eutopic,eutopic_endometrium_MensEffluent,Menstrual_Effluent,N/A,Menstrual_Effluent,MEtissue,None,,,,yes,no,no,no,,
GSM6161375_MEtissue2,GSM6161375_MEtissue2_TB13021576,Shih,TB13021576,MEtissue2,0,Fresh,Cells,Effluent_Eutopic,eutopic_endometrium_MensEffluent,Menstrual_Effluent,N/A,Menstrual_Effluent,MEtissue,None,,,,yes,no,no,no,,
GSM6161376_MEtissue3,GSM6161376_MEtissue3_TB13021654,Shih,TB13021654,MEtissue3,0,Fresh,Cells,Effluent_Eutopic,eutopic_endometrium_MensEffluent,Menstrual_Effluent,N/A,Menstrual_Effluent,MEtissue,None,,,,yes,no,no,no,,
GSM6605439,GSM6605439_GSM6605439,Huang,GSM6605439,,0,Fresh,Cells,Superficial_Eutopic,eutopic_endometrium,N/A,N/A,Ctrl_Superficial,Superficial,None,Collagenase,3' v3.2,GSM6605439,no,no,no,no,,
GSM6605440,GSM6605440_GSM6605440,Huang,GSM6605440,,0,Fresh,Cells,Superficial_Eutopic,eutopic_endometrium,N/A,N/A,Ctrl_Superficial,Superficial,None,Collagenase,3' v3.2,GSM6605440,no,no,no,no,,
GSM6605432,GSM6605432_GSM6605432,Huang,GSM6605432,,0,Fresh,Cells,Superficial_Eutopic,eutopic_endometrium,N/A,N/A,Endo_Superficial,Superficial,None,Collagenase,3' v3.2,GSM6605432,no,no,no,no,,
GSM6605433,GSM6605433_GSM6605433,Huang,GSM6605433,,0,Fresh,Cells,Superficial_Eutopic,eutopic_endometrium,N/A,N/A,Endo_Superficial,Superficial,None,Collagenase,3' v3.2,GSM6605433,no,no,no,no,,
GSM6605434,GSM6605434_GSM6605434,Huang,GSM6605434,,0,Fresh,Cells,Superficial_Eutopic,eutopic_endometrium,N/A,N/A,Endo_Superficial,Superficial,None,Collagenase,3' v3.2,GSM6605434,no,no,no,no,,
GSM6605437,GSM6605437_GSM6605437,Huang,GSM6605437,,0,Fresh,Cells,Superficial_Eutopic,eutopic_endometrium,N/A,N/A,Ctrl_Superficial,Superficial,None,Collagenase,3' v3.2,GSM6605437,no,no,no,no,,
GSM6605438,GSM6605438_GSM6605438,Huang,GSM6605438,,0,Fresh,Cells,Superficial_Eutopic,eutopic_endometrium,N/A,N/A,Ctrl_Superficial,Superficial,None,Collagenase,3' v3.2,GSM6605438,no,no,no,no,,
GSM6605431,GSM6605431_GSM6605431,Huang,GSM6605431,,0,Fresh,Cells,Superficial_Eutopic,eutopic_endometrium,N/A,N/A,Endo_Superficial,Superficial,None,Collagenase,3' v3.2,GSM6605431,no,no,no,no,,
GSM6605435,GSM6605435_GSM6605435,Huang,GSM6605435,,0,Fresh,Cells,Superficial_Eutopic,eutopic_endometrium,N/A,N/A,Endo_Superficial,Superficial,None,Collagenase,3' v3.2,GSM6605435,no,no,no,no,,
GSM6605436,GSM6605436_GSM6605436,Huang,GSM6605436,,0,Fresh,Cells,Superficial_Eutopic,eutopic_endometrium,N/A,N/A,Endo_Superficial,Superficial,None,Collagenase,3' v3.2,GSM6605436,no,no,no,no,,